sequence,class
GRKKRRQRRRP,1
GRKKRRQRRRAPQ,1
GRKKRRQRRRPH,1
GRKKRRQRRRSPQ,1
WEPDTARHWA,1
WEPDTAHGTSQWTEVRDHWAT,1
WRPATAHHWLTL,1
WQKPPETADHHWSTL,1
WQPDTAAWQHWPAPAAATL,1
QPDTNHRWATL,1
WILQPETAHRWASL,1
WQSDTGHHWGASL,1
WQPDTWATL,1
PDTAHHWSNL,1
WQPDTTNAHRLMHWAGL,1
WQNEIAQHWATL,1
WQPLTQHHWAT,1
WRPDTAPHWA,1
PDTHHWATL,1
WDQDTGHQWATL,1
WTHPDTTHDWATL,1
EPDNAHHWAAL,1
WEPDPAHHWTSGASL,1
WVPDAAHHWA,1
WQPDTLVAHLRAHWA,1
PDAHHWATL,1
PDSAHHYWATL,1
WQTDAAHWATL,1
AKALAKALAKALAKALAKALAKALAKA,1
AKALAKALAKALAKALAKALAKALYKA,1
LAKALAKALAKALAKAKALAKALAKA,1
AKALAKALAKALAKALAKALYKALDKA,1
AKALAKALAKALAKALYKALDKALAKA,1
AKALAKALAKALYKALDKALAKAL,1
ALAKALAKALAKALAKAKA,1
LDKALAKALAK,1
AKALAKALAKALAKALAKALAKAL,1
LAKALAKALAKALAKALAKALAKA,1
KALAKALAKALAKALAKALAKA,1
AKALAKALAKALAKALAKALA,1
AFSKALAKALAKALAKALAKA,1
AKALDKALAKALAKALAKALAKALVKA,1
LAKALAKALAKALAKALVKALVKA,1
AKALAKALAKALAKALVKALVKALVKA,1
LAKALAKALDKAKALDKALAKALAKALAKALAKA,1
AKALAKALAKALVKALVKALVKALVKA,1
AKALDKALDKALAKTLDKALAKALAKA,1
LDKALAKTLDKALAKALAKALDKA,1
LAKTLDKALAKALAKALDKALALAKA,1
AKALAKALVKALVKALVKALVKALVKA,1
AKALAKALDKALALAKALAKALDKAKALDKALAKALAKALAKA,1
AKALVKALVKALVKALVKALVKALDKA,1
LVKALVKALVKALVKALVKALVKA,1
LVKALVKALVKALVKALDKALVKA,1
LVKALVKALVKALDKALVKALVKA,1
LVKALVKALDKALVKALVKALVKA,1
LVKALDKALVKALVKALVKALVKA,1
LDKALVKALVKALVKALVKALVKA,1
LVKALVKALVKALVKALVKAL,1
LVKALVKALVKALVKALVK,1
MAKALDKALDKALAKTLDKA,1
AKALAKALAKALDKALAKALAKALAKA,1
AKALAKALDKALAKALAKALAKALAKA,1
AKALDKALAKALAKALAKALAKALDKA,1
AKALAKALAKALAKALDKALAKALDKA,1
LAKALAKALAKALDKALAKALAKA,1
LAKALAKALAKALAKALDKALAKA,1
AKALAKALAKALDKALDKALAKALDKA,1
AKALAKALAKALDKALAKALDKALDKA,1
AKALDKALDKALAKALAKALAKALDKA,1
LDKALAKALDKALAKALAKALDKA,1
LAKALDKALAKALAKALDKALDKA,1
LDKALDKALAKALAKALAKALDKA,1
LDKALAKALAKALAKALDKALDKA,1
LAKALAKALAKALDKALDKALAKA,1
LDKALAKALAKALAKALDKALAKA,1
LAKALDKALDKALAKALAKALAKA,1
AKALDKALAKALAKALDKALDKALDKA,1
AKALAKALDKALDKALAKALDKALDKA,1
AKALAKALDKALAKALDKALDKALAKA,1
AKALDKALAKALDKALDKALAKALDKA,1
LDKALDKALAKALDKALAKALAKA,1
LGKALGKALGKALGKALGKALGKA,1
LGKALGKALGKALGKALGKAL,1
LGRALGKALGKALGKALGKALGKA,1
LGKALGKALGKALGKALGRAL,1
LGKALGRALGRALGKALGKALGKA,1
LGRALGRALGKALGKALGKALGKA,1
LGKALGKALGKALGRALGRAL,1
LGRALGKALGRALGRALGKALGKA,1
LGKALGKALGRALGRALGRAL,1
LGRALGRALGKALGRALGRALGKA,1
LGKALGRALGRALGRALGRAL,1
LGRALGRALGRALGRALGKAL,1
LGRALGRALGRALGKALGRAL,1
LGRALGRALGRALGRALGRALGKA,1
AKALAKASAKALAKARAKALAKA,1
AKALAKARAKALAKARAKAL,1
KASAKALAKASAKALAKA,1
AKALAKARAKALAK,1
AKLTAKAKALAKAESKALAKAEAKALLKA,1
ATLVKALVKALVKALVKALVKALVKA,1
LVKALVKALVKALVKALVKALLKA,1
LVKALVKALVKALVKALLKALLKA,1
LLKALVKALVKALVKALVKALVKA,1
LVKALVKALVKALLKALLKALLKA,1
LLKALLKALVKALVKALVKALVKA,1
LLKALLKALVKALVKALVKALLKA,1
LLKALVKALVKALVKALLKALLKA,1
LVKALVKALVKALLKALLKALVKA,1
LVKALVKALLKALLKALVKALVKA,1
LVKALLKALLKALVKALVKALVKA,1
LVKALVKALLKALLKALLKALLKA,1
LLKALLKALLKALVKALVKALVKA,1
LVKALLKALLKALLKALLKALLKA,1
LLKALLKALLKALLKALVKALVKA,1
LLKALLKALLKALLKALLKALLKA,1
LLKALLKALLKALLKALLKALVKA,1
LLKALLKALLKALLKALLKAL,1
EAKGLAKGLAKGLAKGLAKGLA,1
AKGLAKGLAKGLAKGLAKGL,1
EEKGLAKGLAKGLAKGLAKGLAK,1
KGLAKGLAKGLAKGLAKGL,1
LAKAMAKAMAKALAMAKAMAMALAMAKA,1
ALAKAMAKAMAKALAMAKA,1
MAMALAMALAMALAMAMALAMALAMAKA,1
AKAMAKALAMAKAMAMALAMAKAMAMAM,1
MAKAIAKAIAKAIAKAIAKAIAKA,1
AKAIAKAIAKAKAIAKAIAKAKAKAKA,1
MAKAMAKAMAKAMAKAKAKAKA,1
AKVTAMAKAPAPAMAKAMAKAMAKAMAKAKA,1
AKKAKALKAKQAKQKAKALKAKQAKQKAKALKAKQAKQKAKALKA,1
AKALKAKQAKQKAKALKAKQAKQKAKALKAKQAKQKAKALKA,1
AKAAKAKKAKALKAKQAKQKAKALKAKQAKQKAKALKA,1
AKALKAKQAKQKAKALKAKQAKQKAKAQKAKQAKQKAKALKA,1
KLAKAQAKELAKAQAKELAKIEKAEA,1
MGECLWWAAGSGIFGVIAGFLG,1
DAMSAWEIFGAIAGTFL,1
GNIMGDYGDAILSAITGFL,1
IMDEWGNPIGTINLFDIQENAGFLG,1
IMDEWGNPIGTINLYDIENGAGFLG,1
GAWGDAVVKFGNGFGAIAGFLG,1
GSIVGYEWGNKNGNVLFGAIAGF,1
GEWRWTWSGKELFGPIASFLG,1
DVMGQWGSIFAAIQTFL,1
MGERNWGKAIFGGIVGLVLGVFLG,1
MGRWSNEIFAAITGLIG,1
IMTGEWSGEGAISGAIAGF,1
ILGTWNNEIFAAITGLVG,1
GAWGDAMVKFGNGFGAIAGFLG,1
GAWGDAAIKFANSFGAIAGFLG,1
GEIMGEFGDVAGFL,1
EIMNERGKDEVFADIAGFFG,1
MGEWIYAIAGFL,1
GNIMFGAIAGFL,1
EIFGEAIWGAQKIAVFGAIIAGFLG,1
MGDWFGAIVGFL,1
DIMVEWEKEIGAIPG,1
MPEWLAEHSIEIFGAIAGIL,1
GDIMGGWIAGFL,1
IMVVAFVGFVGAWGKEIFGAEASLLAGF,1
IMVVAFVAFVGAWGKEIFGAESLLLAGF,1
GDIGGLLMGRWGEEIFGFL,1
GDIVSEGNGNEIFGASQLKIEGF,1
ILDEWGNAIGTINLFDIQENAGFLG,1
ILDEWGNAIGTINLFDIENNAGFLG,1
ILDEWGNAIGTITLFDVEDNAGFLG,1
ILDEWGNAIGTITLFDVTENAGFLG,1
VMGEWAKVIYGMAFSLIAGFL,1
KETWWETWWTEWSQPKKKRKV,1
QTWFDSWFPEWTLPPRLIIKKQKK,1
LSTAADMQGVVTDGMASGLDKDYLKPDD,1
RQIKIWFQNRRMKWKK,1
AGYLLGKINLKALAALAKKIL,1
MLDKINIKALADLAEKI,1
GYLLGKITLKAALQFAK,1
LLGKIDSPSDLKALAAADLPLLAKEI,1
YLLGNQKELAALVKKI,1
AGYLLGKFLSNLMVLAAMA,1
LGKINKALEALEKEIL,1
GYLLGKIAKEELKELKKIL,1
LLKIVDLKAVAALAKKHGIL,1
LLGKIDLKGAESLFDMGCGPGTVALALAKKI,1
YLETPSNPLMKITDLKAMSALAKKI,1
LLGKINLDVYKEKSALHKKIL,1
LLGKINLKTADLPEAQKIL,1
LLGKIEREQLLKKLAPLAEKIL,1
GFLLGKILKLSALGALDKIL,1
YLLGSIHVNNLSALALKHRKKIL,1
LLGMEMINLKSLSSLAKIL,1
AGNLLGKINALDSKKADTAALAK,1
AALAEALAEALAEAMAEALAEAMAEARAAA,1
AALAAALAEALAEALAEAMAEALAEA,1
AALAEALAEALAEARAAALAEALAEARAAA,1
AALAEALAEALAEALAEARAAALAEA,1
ALAEAMAEALAEAMAEARAAALAEALAEALAEARAAA,1
AALAEALAEARAAARAAARAAARAAARAAALAEALAEALAEALAEARAAA,1
ALAEAMAEARAAALAEALAEALAEARAAALAEALAEARAAA,1
ALAEALAEALAEARAAALAEARAEARAAA,1
AAALAAALAEALAEALAEAMAEA,1
ALAEARAAALAEALAEARAAARAAARAAARAAARAAALAEALAEALAEA,1
ALAEALAEARAAALAEARAEARAAALAEARAAA,1
AALAEARAEARAAALAEARAAALAEA,1
ALAEALAEALAEALAEALAEALA,1
ALADALAEALAEALAEALAEALAEA,1
ALAEALTEALALAEALADALALADALAEALAEALAEALAEA,1
ALAEALAEALAEALAEALALADALADGVTQARGDGVADALADALAEALAEA,1
ALAEALAEALAEALALADALADGVTQARGDGVADALADALAEALAEALA,1
ALADALAEALAEALAD,1
AALAEALAEALAEHLAEALAEALEALAAG,1
ALAEALAEALAEALADALAEALAEA,1
ALADALAEALAEALAEALADALAEA,1
ALAEALAEALALADALAEALAEALAEALADA,1
ALAEALADALAEALAEADALADAEALADALA,1
ALGDGLALALAEALADALALAEALAEA,1
EALGDGLALALAEALADALA,1
EALGDGLALALAEALADA,1
ALADAEALADALAEGVGQGRGDGVDDALALGLPEPPAEVL,1
ALGEALTEALAEALAEALAEALAFAMRAADPGC,1
EALGEALTEALAEALAEALAEA,1
ALAEALAEALAEALAEALPEAL,1
EALAEALAEALAEALAEALPEA,1
ALVEALADALVEALAEALVEALAEAPG,1
ALTDALVEALADALVEALAEALVEA,1
ALAEALVDALVEALVEALTEALVDA,1
ALVDALTDALVEALADALVEALAEA,1
ALVDALAEALVDALVEALVEALTEA,1
ALVEALVDALVEALVDALVEALAEA,1
ALVEALVDALVEALAEALVDALVVA,1
ALVDALVEALVDALVEALAEALVDA,1
ALVEALVDALVEALVEALVEALVDA,1
ALTDALVEALVDALVDALAEALVDA,1
ALVEALVDALVDALAEALVDALVEA,1
ALVDALVDALAEALVDALVEALVEA,1
ALTDALVEALVDALVEALVEALVEA,1
ALVEALVEALVEALVDALTDALVEA,1
ALVEALVEALTEALVDALVDALVEA,1
ALVDALVEALVEALVEALVDALTDA,1
ALVEALVEALVDALTDALVEALVDA,1
ALVEALTEALVDALVDALVEALVDA,1
ALVEALVEALVDALVDALVEALTDA,1
ALVEALAEALVDALVVALVEALVDA,1
ALVEALVDALVEALVEALVDALVDA,1
ALTDALTDALVDALTDALVEALADA,1
ALVDALTDALVEALVDALVDALAEA,1
ALAEALVDALVVALVEALVDALVEALVEALVDA,1
ALVEALVDALTDALVEALVDALVEA,1
ALVDALTDALVEALVDALVEALVEA,1
ALTEALVDALVDALVEALVDALVEA,1
ALVEALVDALVDALVEALTDALTDA,1
ALVDALVEALVDALTDALVEALVDA,1
ALVEALVDALTDALVEALVDALVDA,1
ALVDALVEALAEALVDALVVALVEA,1
ALVDALVEALVEALVDALVDALVEA,1
ALVDALVDALVEALVDALVEALVDA,1
ALVDALVEALTDALTDALVDALTDA,1
ALVDALVDALVEALVDALTDALVEA,1
ALVDALVDALVEALTDALTDALVDA,1
ALVDALVDALVDALVEALVDALTDA,1
ALVDALVDALVDALVDALVEALVDA,1
ALTDALVDALVDALVDALVDALVEA,1
ALVDALVDALTDALVDALVDALVDA,1
ALVDALTDALVDALVDALVDALVDA,1
DALVDALVDALTDALVDALVDA,1
AEALAEALAEALAEAPAEALAEVGADAAA,1
ALAEALAEALAEAPAEALAEVGADAA,1
ALVETLAEALAQALAQALAEALAEA,1
LAEALAQALAQALAEALAEAL,1
ALAQALAQALAEALAEALVQAMAQA,1
ALVEALAEAFSQALVETLAEALAQALAQALAEA,1
ALAQALAEALAEALVQAMAQAMAQA,1
ALAEALAEALVQAMAQAMAQAMAQA,1
ALAEALVQAMAQAMAQAMAQAMAQA,1
AALAAALAAALAAALAAALAAALAAAA,1
AALAAALAAALAAALAAALAAALAAA,1
AAALAAALAAALAAALAAALAAA,1
AEVAAAALAAALAAALAAALAAA,1
ALADALAEALALALAEALADALADA,1
ALAEALALALAEALADALADALADA,1
ALAEALADALADALADADALAEALADAEAEALAEA,1
ALADALADADALAEALADAEAEALAEALA,1
MVRRFLVTLRIRRACGPPRVRV,1
MVSRFLVTLRIRRACGPPRVRV,1
MVRRFLVTVRIRRACGPPRVR,1
RFLVTLRIRRACGPPRVRV,1
MVRRLLVTVRIRRACGPPRVR,1
RFLVTLRIRRSCGPPRVRV,1
FLVTLRIRRACGPPRVRV,1
MVRRFLVTVRIRRRCGPQRVRV,1
MVRRFLVTVRIRSTCGPPRVR,1
MVRAFLITVRIRRACGPPRVR,1
MVRRLLITVRIRRSCGPPRVR,1
MVRRFLITVRIRRANGPPRVRI,1
MVRRFLITVRIRRADGPPRVRI,1
MVRRFLVTVRIRRGGGPPRVR,1
MVRTFLVTVRIRRSCGPPQVR,1
MVRRLLITVRIRRAYGPPRVR,1
MVRAFLVTVRIRRAGGPPRVR,1
MVRRFLVTVRIRRRNAPPRVR,1
MVRAFLITVRIRRAGGPPRVR,1
MVRRLLITVRIRRADGPPRVR,1
MVRTYLVTVRFRRACGPPRER,1
VRRFLVTVRIRRASGPSSVR,1
MVRTLLVTVRIRRSSGPPRVR,1
MTRTFLVTVQIRRVCGPPRIR,1
MVRAFLITVRIRRAGGPPRV,1
MVRAFLITVRIRRAGAPPRVR,1
MVRTFLVTVRIRRSRGPPQVR,1
VRRFLVTVRIRRASGPSCVR,1
MVRAFLITVRIRRAGGPPRERAFVVRI,1
MVHTYLVTVRIRRVSGPPRVR,1
MVYTYLVTVRIRRVSGPPRVR,1
MPRRYLVTVRIRRSRGPPLVR,1
RFLVTVRIRRRRADCPPRVR,1
MGRRFVVTVRIRRRRADRPPRVR,1
MGRRFVVTVRIRRTGRSPQVRV,1
VRRFLVALRERRAASPLHPRER,1
RRLATIRRACGPDRVRV,1
MGRRFLVTVRIQRAGRPLQERV,1
RFLVTVRIRERADRPPRVKV,1
MVRTYRVTVRVRRAGGPPRER,1
RFLVTVRIRRRRADRPPRVR,1
VKKSVSLWHVRPPVSRMDV,1
IRRGLRLRHIQPRIAR,1
GLKLRHVIRMDV,1
VKRVLVRYPLRVTRMDV,1
VKRLMRKLLERHGRPRVTR,1
VKRGVKFVRQRVTRDNMD,1
RGLKLRHLVRMDV,1
VERGLRIDPCDDELRRVRSRVWTRMAV,1
RALKHGVVPDLRHVRITRMD,1
CVANRGIKIRPRVTRVD,1
KRGLPLRHVHITRM,1
KRKLLRHIRPRILRADV,1
GLNLRVRPRITVRKDV,1
RGLELRRRHRVTRMHV,1
GIDLRHVRPSGSGGRVTRDDV,1
KRGDKLKLRHILLKPRVDQKDV,1
RGVDLRRVRPSGDAGRVTREDV,1
CVKAGVRLRLVRPRLTAKVKTLLKRM,1
KRGLKTLLVDFDLRRPRVGRM,1
GLFGAIAGFIEGGWHGMVHGWYG,1
GLFEAIAGFIEGGWPGLINGWYG,1
GLFGAIAGFIEGGWQGLIDGWYG,1
GLFGAIAGFIEGGWPGLINGWYG,1
WEAALAEALAEALAEHLAEALAEALEALAA,1
ALADALAEALAEALAEALAEALAEALA,1
ALAEALAEALAEALAEALAEALALA,1
EALAEALAEALAEALAEALALADALADGVTQARGDGVADALADALAEALAEAL,1
ADALADALAEALAEALAD,1
EALALADALAEALAEALAEALADALAEALA,1
ALAEALAEALAEALADALAEALAEADALA,1
ALAEALAEALALADALAEALAEALAEALA,1
EALAEALAEALADALAEALAEADALADAEALADAL,1
ALGDGLALALAEALADALALAEALAEALA,1
EALADALAEALAEADALADAEALADALAE,1
AALAEALAEALAEAMAEALAEAMAEARAAALAEALA,1
AALAAALAEALAEALAEAMAEALAEAMA,1
AALAEALAEALAEALAEARAAALAEARAEARAA,1
EAMAEALAEAMAEARAAALAEALAEALAEARAAALAEALA,1
AALAEALAEARAAARAAARAAARAAARAAALAEALAEALAEALAEARAA,1
ALAEALAEARAAALAEALAEARAAARAAARAAARAAARAAALAEALAEALA,1
AARAAALAEALAEALAEALAEARAAALA,1
AAALAAALAEALAEALAEAMAEALA,1
AALAEARAEARAAALAEARAAALAEARAA,1
EAPEALAEALAEALAEALAEALPEALGSL,1
EALAEALAEALAEALAEALPEALGSLLE,1
ALAEPLADALAEPLADALAEPLADALA,1
ALAEPLADALAEPLADALAEPL,1
LADALAEPLADALAEPLADALA,1
LADALAEPLADALAEPLAE,1
ALAEPLADALAEPLAE,1
EALALALGEALADALAEALADALADAEALA,1
LAEALALALGEALADALAEALADALA,1
EALADALAEALADALADAEALAEVLAEAEALA,1
ALGDGLALVLGLELAEALGLELAEALALALGEALADALAEALA,1
AEALAEVVVEGVGQGRSDGVVDALGLALPEGLVEAL,1
EALALADALAEALALALAEALADALADALA,1
ALAEALALALAEALADALADALADADALAEALA,1
EALADALADALADADALAEALADAEAEALAEALA,1
LAEALALADALAEALALALAEALADALA,1
ALAEALADAEAEALAEALAE,1
ALGEALTEALAEALAEALAEAL,1
EALGEALTEALAEALAEALAEALA,1
ALADALADALAEALAEALVVALEAVA,1
DALADALADALAEALAEAL,1
EAFSQALVETLAEALAQALAQALAEALAEAL,1
LAEALAQALAQALAEALAEALVQAMA,1
ALVEALAEAFSQALVETLAEALAQALAQALAEALA,1
ALAQALAQALAEALAEALVQAMAQAMA,1
ALAEALAEALVQAMAQAMAQAMAQAMA,1
EAEALAETLAEAEALAETLAEAEALAETLAEAEALA,1
AEALAEAEALAETLAEAEALAETLAEAEALA,1
EAEALAETLAEAEALAETLAEAEALAETL,1
EAEALAETLAEAEALAETLA,1
EAEALAETLAEAEALAETLAEAEALAEA,1
LAEAEALAETLAEAEALAETLAEAEALA,1
EAEALAETLAEAEALAETLAEAEALAETLA,1
EAEALAETLAEAEALAETLAEAEALAVTLAEAEALA,1
EAEALAETLAEAEALAVTLAEAEALAETLAEAEALAETLAEAEALA,1
EAERLALSDALAEALAERLELTEAEAEALAERLELSDALA,1
ALSDALAEALAERLELSDALADALAERLE,1
EAEALAERLELSDALADALAERLELTEAEAERLADTEAEA,1
ALTDALVEALADALVEALAEALVEALA,1
ALVEALADALVEALAEALVEALAEA,1
EALVDALVDALAEALVDALVEALVEALTEAL,1
ALAEALVDALVEALVEALTEALVDAL,1
EALTDALTDALVDALTDALVEALADALVEALA,1
EALVDALTDALVEALVDALVEALVEALVEAL,1
EALVDALVEALVEALVEALVDALTDALVEAL,1
EALVDALVEALVEALTEALVDALVDALVEAL,1
EALVDALVDALVEALVDALVEALVDALVEALA,1
ALVDALVEALVDALVEALAEALVDAL,1
EALVDALTDALVEALVDALVDALAEALVDALVEAL,1
ALVEALVDALVEALVEALVEALVDAL,1
ALVEALVDALVEALVDALVEALAEAL,1
EALVDALVEALAEALVDALVVALVEALVDALVEALVEAL,1
EALVEALVEALVDALTDALVEALVDALVDALA,1
EALVEALTEALVDALVDALVEALVDALVEAL,1
ALVEALVDALVEALVEALVDALVDALVEAL,1
ALVDALVEALVDALTDALVEALVDALVEAL,1
ALVDALVDALVEALVDALTDALVEAL,1
ALTDALVDALVDALVDALVDALVEAL,1
ALVDALVDALVDALVDALVEALVDAL,1
ALVDALVDALTDALVDALVDALVDAL,1
DALVDALVDALTDALVDALVDAL,1
LSEALSEALSEALSEALSEALSEAL,1
ALSEALSEALSEALSEALSEAL,1
EALSEALSEALSEALSEALSEALSE,1
EAERLALSEALAEALAERLELTLAEAERLALSDALAEALA,1
EAERLALSDALAEALAERLELTLAEAERLELALA,1
ALSDALAEALAERLELTLAEAERLALSDSLAEALA,1
EAERLALSDSLAEALAERLELTLAEAERLELSDALA,1
ELTLAEAERLELSDALAERLELTLAEAERLALSEALAEALA,1
AALEALAALEALAALEALAALEALAALEALEALAA,1
LAALEALAALEALAA,1
LAEALTDVLAEALAEVLAEALAEVLVEVDSEIEAL,1
EAALAEELAALAEELAALAELDAALAEELAALA,1
EAALAEELAALAELEAALADELAALAELEAAFAEELAA,1
AALAELDAALAEELAALAELDAALAEELAALA,1
DAALAEELAALAELDAALAEELAAFAELDAALADELAALAEELAALA,1
AALAELDAALADELAALAELEAALAEELAALA,1
EAALADELAALAELEAALADELAALA,1
EAAFAEELAALAELEAALADELAALA,1
EAALADELAALAELEAAFAEELAALA,1
AALAELDAAFAELEAALAEELAALA,1
DAALADELAALAELDAALAELEAALAEELAALA,1
DAALAEELAALAELDAALAEELAAFAELDAALADELAALA,1
DAALADELAAFAELDAALAEELAALAEELAALA,1
KYLNYPEHVHIW,1
KYLSEYDYAYPESTHIW,1
KYGLAYPDSVH,1
YLAYSDSINIW,1
YLAYPDRPVHVW,1
YIAYPESVRIW,1
LVYPDSVQIW,1
YLTYPNSVHI,1
YLAYPDALRIW,1
KYPAFPDSAIVHIW,1
KFLAYPDSVYI,1
KYLRGAAYPDSLHEW,1
KYLAYPETVNI,1
KYLAYVHIW,1
YLAFPESVHI,1
KYLASPDSANIW,1
YLAYDDSVHI,1
KYLAYPDTHI,1
YLANSLPYPIDTVHIW,1
KYLAGYPDSIH,1
LAYADSTHIW,1
LCYPDSVQIW,1
YLAYPANVHI,1
YLRDYGYAYPDTTHIW,1
YLSEYDYAYPESTHIW,1
YLNEYNYAYPESTHIW,1
KYLAYPQNVH,1
YLAWPATQYPVDNVHIW,1
YLAYSDNINIW,1
KYLATPDSVQI,1
YLGYPGGDSVRIW,1
LAYPDSIKIW,1
KYLQYPEPVHI,1
LAYQDSVNIW,1
YLAYPESVQTHI,1
KYIADSVHIW,1
KYLSEAFPDSVIIW,1
LEYPDSGHIW,1
KVYLRVRPLL,1
PKKGSKKAVTKAQKKDGA,1
MAPTKRKGSCPGAAPNKKP,1
RFTFHFRFEFTFHFE,1
DWLKAFYDKVAEKLKEAF,1
RQIKIWFQNRRMKWKKC,1
FKCRRWQWRMKKLGAPSITCVRRAF,1
WELVVLGYGRKKRRQRRR,1
RRRRRRRRRETWWETWWTEW,1
KETWWETWWTEWSQPKKRKV,1
LIRLWSHLIHIWFQNRRLKWKKKC,1
KKLALHALHLLALLWLHLAHLALKK,1
RRLTLRQLLGLGSRRRRRSR,1
WELVVAYGRKKRRQRRR,1
KALKKLLAKWAAAKALL,1
GRKKRRQRRRG,1
RQIKIWFQNRRMKWKKGG,1
CCTGRKKRRQRRR,1
ACRGRGRGCGRGRGRCG,1
STGKANKITITNDKGRLSK,1
LKKLLKLLKKLLKLAG,1
WRRRYRRWRRRRRWRRRPRR,1
VVLYKYRCYKVI,1
HGWEIHGLLHRA,1
FKCRRWQWRMKKLG,1
DVVRVWFCNRRQKGKR,1
RRLRHLRHHYRRRWHRFR,1
ARRCSGSGSGCGSGSGSCGRR,1
VGALAVVVWLWLWLWAGSGPKKKRKVC,1
KNLRRIIRKGIHIIKKYF,1
CREKAKKLFKKILKKL,1
CGGGRRRRRRRRRLLLL,1
ELVVLGKLYGRKKRRQRRR,1
VKRFKKFFRKLKKLV,1
TRSSRAGLQFPVGRVIIRLLRK,1
RPKRPTTLNLFPQVPRSQDT,1
AGYLLGHINLHHLAHLHHIL,1
KGRKKRRQRRRPPQ,1
RARRNRRARILFQYRARNRARN,1
CKYGRKKRRQRRR,1
KKRTLRKNDRKKRC,1
LILIGRRRRRRRRGC,1
ARRRRCSDRFRNCPADEALCGRRRR,1
YGRKKRRQRRRGC,1
FFLIPKGRRRRRRRRR,1
KDCERRFSRSDQLKRHQRRHTGVKPFQK,1
ACRDRFRRCPADRRLCG,1
LVVLGKLYGRKKRRQRRR,1
GRGDGPRRKKKKGPRRKKKKGPRR,1
LAQLLAQLLAQLGGGGRRRRRRRRR,1
AGYLLGKTNLKALAALAKKIL,1
GRCTKSIPPICFPA,1
TFFYGGSRGKRNNFKTEEY,1
YTFGLKTSFNVQ,1
KWRRKLKKLRPKKKRKV,1
GLKKLAELAHKLLKLGC,1
YARVRRRGPRRR,1
ACSGRGSGCGSGRGSCG,1
LKKLAELAHKLLKLG,1
ACRGRGRGCGSGSGSCG,1
HTPGNSNKWKHLQENKKGRPRR,1
YGRKKRRQRRTALDWSWLQTE,1
WEAVVAYGRKKRRQRRR,1
KLAKLAKKLAKLAK,1
LLIILRRPIRKQAHAHSK,1
KMTRAQRRAAARRNRWTAR,1
RGGRLCYCRRRFCVCVGR,1
RLHRRLHRRLHRLHRRLHRLHRRLHRRLH,1
RKGWFKAMKSIAKFIAKEKLKEHL,1
LRHHLRHLLRHLRHLLRHLRHHLRHLLRH,1
ARRRRCSGSGSGCGSGSGSCGRRRR,1
GRKKRRERRRPPERKC,1
PPPPPPPPPPPLRR,1
GRCTKSIPPICWPD,1
ARRRCSDRFRNCPADEALCGRRR,1
RRRRRRRRRRWWWWWW,1
YGRKKRRQRRRYGRKKRRQRRR,1
KRKKKGKGLGKKRDPCLRKYK,1
ACRGRGRRCGSGRRSCG,1
NAKTRRHERRRKLAIER,1
YGRKKRRQRRRPPLRKKKKKH,1
KLAKLAKKLAKLAKGGRRRRRRR,1
ACSGSGSGCGSGSGSCGRRRRRRRR,1
YGRGGRRGRRR,1
TRQARRNRRRWRERQR,1
RRRRRRRGGIYLATALAKWALKQGF,1
IYLATALAKWALKQGFGGRRRRRRR,1
RRRRRRRGGIYLATALAKWALKQ,1
IYLATALAKWALKQGGRRRRRRR,1
RRRRRRRGGKLAKLAKKLAKLAK,1
YGRKKRRQRRR,1
KKALLAHALHLLALLALHLAHALKKA,1
GALFLGFLGAAGSTMGAWSQPKSKRKV,1
GLWRALWRLLRSLWRLLWRA,1
KAFAKLAARLYRKALARQLGVAA,1
GSRVQIRCRFRNSTR,1
GRKKRRQRRRPQ,1
KLAKLAKKLAKLAKGRKKRRQRRRP,1
KLAKLAKKLAKLAKNYRWRCKNQN,1
LLIILRRRIRKQAHAHSK,1
NHQQQNPHQPPM,1
RKKRRQRRRGC,1
GGRRARRRRRR,1
RRRRRRRRRRR,1
YKALRISRKLAK,1
KETWWETWWTEWSQPKKKRKVC,1
CVSRRRRRRGGRRRR,1
HHHHHHESGGGGSPGRRRRRRRRRRR,1
ARRRAARAARRRAARAARRRAARA,1
AKKKAAKAAKKKAAKAAKKKAAKA,1
YTFGLKTSFNVQYTFGLKTSFNVQ,1
AGYLLGHINLHHLAHLHHILC,1
KWFKIQMQIRRWKNKR,1
HHHHHHHHRRRRRRRR,1
RRRRRRRRRRRRRRR,1
HHHHHHHHRRRRRRRRRRRRRRR,1
HHHHHHHHHHHHRRRRRRRRRRRRRRR,1
CIGAVLKVLTTGLPALISWIKRKRQQ,1
AGYLLGKINLKALAALAKKILGGC,1
GKKALKLAAKLLKKC,1
RRRRRRRQIKILFQNRRMKWKKGGC,1
GLFKALLKLLKSLWKLLLKAGGC,1
GALFLGWLGAAGSTMGAPKSKRKVGGC,1
KWFETWFTEWPKKRKGGC,1
LIRLWSHLIHIWFQNRRLKWKKKGGC,1
MVTVLFRRLRIRRACGPPRVRV,1
CGGMVTVLFRRLRIRRASGPPRVRV,1
MVTVLFKRLRIRRACGPPRVKV,1
WEARLARALARALARHLARALARA,1
PKKKRKVWKLLQQFFGLM,1
CGYGRKKRRQRRRGC,1
VSRRRRRRGGRRRR,1
GWTLNSAGYLLGKINLKALAALAKKIL,1
KLALKLALKALKAALKLA,1
GRKKRRQRRRPPQ,1
KCFQWQRNMRKVRGPPVSCIKR,1
GRGDSPRRSPRR,1
GRGDSPRRKKKKSPRRKKKKSPRR,1
LLKLLKKLLKLLKKLLKLL,1
WLKLLKKWLKLWKKLLKLW,1
FLKLLKKFLKLFKKLLKLF,1
WLKLWKKWLKLW,1
RRWRRWWRRWWRRWRR,1
IPLVVPLRRRRRRRRC,1
KFLNRFWHWLQLKPGQPMY,1
GSVSRRRRRRGGRRRR,1
LGTYTQDFNKFHTFPQTAIGVGAP,1
GALFLGWLGAAGSTMGAPKKKRKV,1
GLFRALLRLLRSLWRLLLRA,1
RRRRRRRRRRRR,1
KKALLALALHHLAHLALHLALALKKA,1
YARVRRRGPRR,1
CRQIKIWFQNRRMKWKK,1
CRRLRHLRHHYRRRWHRFRC,1
CLLYWFRRRHRHHRRRHRRC,1
LLYWFRRRHRHHRRRHRR,1
GRKKRRQRRRPPQY,1
RRIRPRPPRLPRPRPRPLPFPRPG,1
ISFRRRRRRRRELLDYYSSSSSESGS,1
ISFRRRRRRRRELLDYYSSSSSED,1
ISFRRRRRRRREWLQAYSSSSSEDE,1
EEEEEEEEPLGLAGRRRRRRRRN,1
YGRKKRRQRRRAYFNGCSSPTAPLSPMSP,1
YGRKKRRQRRRQRRRPTAPLSPMSP,1
GGGGRRRRRRRRRLLLL,1
YARAAARQARAKALARQLGVAA,1
RIMRILRILKLAR,1
RKKRRQRRRGGG,1
RKKRRQRRRGGGKLLKLLLKLLLKLLK,1
GALFLAFLAAALSLMGLWSQPKKKRKV,1
GALFLGFLGAAGSTMGAWSQPKKKRKV,1
GLWRALWRLLRSLWRLLWKA,1
YGRKKRRQRRRC,1
CELAGIGILTVRKKRRQRRR,1
CELAGIGILTVKKKKKQKKK,1
KKLFKKILKKL,1
GRKKRRQRRRPPQK,1
RQIKIWFQNRRMKWKKK,1
VSRRRRRRGGRRRRK,1
ACRGSGRGCGRGSGRCG,1
ACSGRGRGCGRGRGSCG,1
ACGRGRGRCRGRGRGCG,1
ACRGRGRGCRGRGRGCG,1
ACGRGRGRCGRGRGRCG,1
ACRGRRRGCGRRRGRCG,1
ACRRSRRGCGRRSRRCG,1
ACRDRFRNCPADERLCG,1
ACRDRFRRCPADERLCG,1
ACSGRGRGCGSGSGSCG,1
ACRGRGRGCGSGSRSCG,1
ACRGRGRRCGSGSRSCG,1
ARCSGSGSGCGSGSGSCGR,1
ARRRCSGSGSGCGSGSGSCGRRR,1
ARCSDRFRNCPADEALCGR,1
ARRCSDRFRNCPADEALCGRR,1
ACSDRFRNCPADEALCGRRRRRRRR,1
ACSHSGHGCGHGSHSCGRRRRRRRR,1
ACSHSGWGCGHGSWSCGRRRRRRRR,1
ACHGRRWGCGRHRGRCG,1
WELVVLGKLYGRKKRRQRRR,1
VVLGKLYGRKKRRQRRR,1
WELVVLGKYGRKKRRQRRR,1
WELVVLYGRKKRRQRRR,1
WELVVYGRKKRRQRRR,1
WELVYGRKKRRQRRR,1
WELYGRKKRRQRRR,1
WEYGRKKRRQRRR,1
WEAVVLYGRKKRRQRRR,1
GLKKLARLFHKLLKLGC,1
GLKKLAELFHKLLKLGC,1
GLKKLARLAHKLLKLGC,1
GRKKRRQRRRCG,1
LKKLCKLLKKLCKLAG,1
RGRGRGRGRGPEGPLA,1
GRCTKSIPPICFPD,1
GRCTKSIPPICWPK,1
GRCTRSIPPKCWPD,1
YGRKKRRQRRRPPQG,1
CGRKKRRQRRRPPQ,1
KSTGKANKITITNDKGRLSK,1
CAYGRKKRRQRRR,1
CYGRKKRRQRRR,1
RKKRRQRRRRKKRRQRRR,1
AKKRRQRRRAKKRRQRRR,1
ESGGGGSPGRRRRRRRRRRR,1
KWCFRVCYRGICYRRCRGK,1
KWSFRVSYRGISYRRSRGK,1
KWFRVYRGIYRRRGK,1
KWCFAVCYAGICYAACAGK,1
HHHRRRRRRRR,1
CTSTTAKRKKRKLK,1
KKWKMRRNQFWIKIQR,1
HILPWKWPWWPWRR,1
RGGRLSYSRRRFSTSTGRA,1
RGGRLSYSRRRFSTSTGR,1
KHKHKHKHKHKHKHKHKHKKLFKKILKYL,1
RRRQRRKKRGYCKCKYGRKKRRQRRR,1
AYGRKKRRQRRR,1
RQIKIQFQNRRKWKK,1
APWHLSSQYSRT,1
GNYAHRVGAGAPVWL,1
TVDNPASTTNKDKLFAVRK,1
GRKKRRQRRRPPQRKC,1
RRRRRRRRRGD,1
KIAKLKAKIQKLKQKIAKLK,1
GGAYVTRSSAVRLRSSVPGVRLLQ,1
GLRKRLRKFRNKIKEK,1
RKKRRQRRRHRRKKR,1
LLIILRRRIRRRARARSR,1
LLHILRRSIRKQAHAIRK,1
LLRILRRSIRRARRAIRR,1
LLHILRRSIRRQAHAIRR,1
LLRHLRRHIRRARRHIRR,1
MAMPGEPRRANVMAHKLEPASLQLRNSCA,1
MAPQRDTVGGRTTPPSWGPAKAQLRNSCA,1
CGRKKRWWRQRRRPPQ,1
CGRKKRRQRRWWRPPQ,1
CGRKKRRQRWWRRPPQ,1
CGRKKRWWRQRWWRWWRPPQ,1
CGRKKRAARQRRRPPQ,1
CGRKKRRQRRAARPPQ,1
CGRKKRRQRAARRPPQ,1
CGRKKRAARQRAARAARPPQ,1
CGRKKRLLRQRRRPPQ,1
CGRKKRRQRRLLRPPQ,1
CGRKKRRQRLLRRPPQ,1
CGRKKRLLRQRLLRLLRPPQ,1
CRKARYRGRKRQR,1
RQIRIWFQNRRMRWRR,1
RQIRIWFQNRRMRWRRC,1
LIRLWSHLIHIWFQNRRLKWKKK,1
GRKKRRQRRRPPQC,1
RQIKIWFQNRRMKWKKGC,1
RRRRRRRRRRRRGC,1
RRRRRRRRRRRRRRRRGC,1
RRRRRRRRRGPGVTWTPQAWFQWV,1
GKRKKKGKGLGKKRDPCLRKYK,1
FFLIPKGRRRRRRRRGC,1
FFGRRRRRRRGC,1
FFFFGRRRRRRRRGC,1
FFFFFFGRRRRRRRRGC,1
GCGGGYGRKKRRQRRR,1
YGRKKRRQRRRGTALDWSWLQTE,1
CHHHHHRRRRRRRRRHHHHHC,1
CGGGYGRKKRRQRRR,1
GLWWKAWWKAWWKSLWWRKRKRKA,1
WWWRRRRRRRR,1
WWWWRRRRRRRR,1
RRRRWWWWRRRR,1
RWRRWRRWRRWR,1
YGRKKRPQRRR,1
DSLKSYWYLQKFSWR,1
KLWMRWWSPTTRRYG,1
RLWMRWYSPWTRRWG,1
RLIMRIYAPTTRRYG,1
RLYMRYYSPTTRRYG,1
RLWMRWYSPRTRAYG,1
KRPTMRFRYTWNPMK,1
WKCRRQCFRVLHHWN,1
WKCRRQAFRVLHHWN,1
WKARRQCFRVLHHWN,1
RRRRRRRRHHH,1
RRRRRRRRRHHH,1
RLLRLLLRLWRRLLRLLR,1
CALNNYGRKKRRQRRR,1
YGRKKRRQRRTALDASALQTE,1
RLLRLLRRLLRLLRRLLRC,1
RGDRGDRRDLRLDRGDLRC,1
RGDRLDRRDLRLDRRDLRC,1
RGERGERRELRLERGELRC,1
RGERLERRELRLERRELRC,1
GGGRRRRRRYGRKKRRQRR,1
GLKKLAELFHKLLKLG,1
GLKKLAELAHKLLKLG,1
GLPRRRRRRRRR,1
YKQCHKKGGKKGSG,1
YKQSHKKGGKKGSG,1
YRQSHRRGGRRGSG,1
WKQSHKKGGKKGSG,1
EARPALLTSRLRFIPK,1
GRKKRRQRRRMVSAL,1
TPWWRLWTKWHHKRRDLPRKPEGC,1
YSSYSAPVSSSLSVRRSYSSSSGS,1
CSIPPEVKFNKPFVYLI,1
RKLTTIFPLNWKYRKALSLG,1
KHHWHHVRLPPPVRLPPPGNHHHHHH,1
RKKRRRESWVHLPPPVHLPPPGGHHHHHH,1
FKKLALHALHLLALLWLHLAHLALKK,1
KHKALHALHLLALLWLHLAHLAKHK,1
KHKLLHLLHLLALLWLHLLHLLKHK,1
CASGQQGLLKLC,1
VKRFKKFFRKLKKSV,1
VKRFKKFFRKLKKKV,1
KKKKKKNKKLQQRGD,1
RGDGPRRRPRKRRGR,1
RRRQKRIVVRRRLIR,1
RRVWRRYRRQRWCRR,1
RRARRPRRLRPAPGR,1
LLRARWRRRRSRRFR,1
RGPRRQPRRHRRPRR,1
RRWRRWNRFNRRRCR,1
MAARLCCQLDPARDVLCLRP,1
RHHRRHHRRHRRHHRRHHRHHR,1
HHHRRRRRRRRRHHH,1
HHHHHHRRRRRRRRR,1
RLHHRLHRRLHRLHRRLHRLHHRLHRRLH,1
LRHLLRHLLRHLRHLLRHLRHLLRHLLRH,1
RHHLRHLRRHLRHLLRHLRHHL,1
LHHLLHHLLHLLHHLLHHLHHL,1
RRHLRRHLRHLRRHLRRHLRHL,1
RLHLRLHLRHLRHHLRLH,1
RLHHRLHRRLHRLHR,1
LRHLLRHLLRHLRHL,1
RLHRRLHRRLHRLHR,1
RHHLRHLRRHL,1
AEAEAEAEAKAKAKAKAGGGHRRRRRRR,1
RFTFHFRFEFTFHFEGGGRRRRRRR,1
FQFNFQFNGGGHRRRRRRR,1
AEAEAEAEAKAKAKAK,1
RHNFRFFFNFRTNR,1
NRHFRFFFNFTNR,1
KLLKLLLKLWKKLLKLLKGGGRRRRRRR,1
HRLRHALAHLLHKLKHLLHALAHRLRH,1
HALAHKLKHLLHRLRHLLHRHLRHALAH,1
LAELLAELLAELGGGGRRRRRRRRR,1
ACSSSPSKHCGGGGRRRRRRRRR,1
RLALRLALRALRAALRLA,1
KLLKLLLKLWKKLLKLLK,1
ACSSSPSKHCG,1
CGGGGYGRKKRRQRRR,1
LGISYGRKKRRQRRRPPQ,1
FITKALGISYGRKKRRQRRRPPQ,1
FITKALGISYGRKKRR,1
GRKKRRQRRPPQC,1
GRKKRRQRPPQC,1
GRKKRRQRARPPQC,1
GRKKRRQARAPPQC,1
TRQARRNRRRRWRERQR,1
RRRRRRRRRRRRRRRR,1
GWTLNSAGYLLGKINLKALAALAKKLL,1
GWTLNPAGYLLGKINLKALAALAKKIL,1
GWTLNPPGYLLGKINLKALAALAKKIL,1
LNSAGYLLGKINLKALAALAKKIL,1
GWTLNSAGYLLGKLKALAALAKKIL,1
GWTLNSKINLKALAALAKKIL,1
AGYLLGKLKALAALAKKIL,1
KLALKLALKAWKAALKLA,1
KLALKAALKAWKAAAKLA,1
KLALKAAAKAWKAAAKAA,1
KITLKLAIKAWKLALKAA,1
KIAAKSIAKIWKSILKIA,1
KALAKALAKLWKALAKAA,1
KLALKLALKWAKLALKAA,1
KLLAKAAKKWLLLALKAA,1
KLLAKAALKWLLKALKAA,1
KALKKLLAKWLAAAKALL,1
KLAAALLKKWKKLAAALL,1
KALAALLKKWAKLLAALK,1
KALAALLKKLAKLLAALK,1
KLALKLALKALKAALK,1
KLGLKLGLKGLKGGLKLG,1
LKTLATALTKLAKTLTTL,1
LKTLTETLKELTKTLTEL,1
RQIKIWFPNRRMKWKK,1
RQPKIWFPNRRKPWKK,1
RQIKIWFQNRRMKW,1
RQIKIWFQNRRMK,1
RQIKIWFQNRR,1
QIKIWFQNRRMKWKK,1
IKIWFQNRRMKWKK,1
KIWFQNRRMKWKK,1
IWFQNRRMKWKK,1
WFQNRRMKWKK,1
AQIKIWFQNRRMKWKK,1
RAIKIWFQNRRMKWKK,1
RQAKIWFQNRRMKWKK,1
RQIAIWFQNRRMKWKK,1
RQIKAWFQNRRMKWKK,1
RQIKIAFQNRRMKWKK,1
RQIKIWAQNRRMKWKK,1
RQIKIWFANRRMKWKK,1
RQIKIWFQARRMKWKK,1
RQIKIWFQNARMKWKK,1
RQIKIWFQNRAMKWKK,1
RQIKIWFQNRRAKWKK,1
RQIKIWFQNRRMAWKK,1
RQIKIWFQNRRMKAKK,1
RQIKIWFQNRRMKWAK,1
RQIKIWFQNRRMKWKA,1
CRQIKIWFPNRRMKWKKC,1
GRKKRRQRRRPWQ,1
RQIKIWFQNMRRKWKK,1
KMDCRWRWKCCKK,1
MDCRWRWKCCKK,1
DCRWRWKCCKK,1
KMDCRWRWKCKK,1
KMDCRWRWKKK,1
KDCRWRWKCCKK,1
KCRWRWKCCKK,1
CRWRWKCGCKK,1
KCGCRWRWKCGCKK,1
KMDCRWRWKCSKK,1
KMDCRWRWKSCKK,1
KMDSRWRWKCCKK,1
KMDCRWRWKSSKK,1
KMDSRWRWKSSKK,1
KMDSRWRWKSCKK,1
KMDSRWRWKCSKK,1
KMDCRWRPKCCKK,1
KMDCRPRPKCCKK,1
RKKRRRESRKKRRRES,1
GRPRESGKKRKRKRLKP,1
GKRKKKGKLGKKRDP,1
GKRKKKGKLGKKRPRSR,1
RKKRRRESRRARRSPRHL,1
SRRARRSPRESGKKRKRKR,1
VKRGLKLRHVRPRVTRMDV,1
SRRARRSPRHLGSG,1
LRRERQSRLRRERQSR,1
GAYDLRRRERQSRLRRRERQSR,1
AYRIKPTFRRLKWKYKGKFW,1
HARIKPTFRRLKWKYKGKFW,1
HYRIKPTARRLKWKYKGKFW,1
HYRIKPTFRRLAWKYKGKFW,1
HYRIKPTFRRLKWKYKGKFA,1
VNADIKATTVFGGKYVSLTTP,1
GKYVSLTTPKNPTKRRITPKDV,1
TKRRITPKDVIDVRSVTTEINT,1
TKRRITPDDVIDVRSVTTEINT,1
TKRRITPKKVIDVRSVTTEINT,1
TKRRITPKDVIDVRSVTTKINT,1
TKRRITPKDVIDV,1
TKRRITPKDVIDVESVTTEINT,1
TARRITPKDVIDVRSVTTEINT,1
TKAARITPKDVIDVRSVTTEINT,1
HHHHHHTKRRITPKDVIDVRSVTTEINT,1
KLWMRWYSPTTRRYG,1
RTLVNEYKNTLKFSK,1
IPSRWKDQFWKRWHY,1
GYGNCRHFKQKPRRD,1
KNAWKHSSCHHRHQI,1
RVREWWYTITLKQES,1
QQHLLIAINGYPRYN,1
RLWMRWYSPTTRRYG,1
KLWMRWYSATTRRYG,1
KLWMRWYSPWTRRYG,1
RLWMRWYSPWTRRYG,1
ALWMRWYSPTTRRYG,1
RAWMRWYSPTTRRYG,1
RLAMRWYSPTTRRYG,1
RLWARWYSPTTRRYG,1
RLWMAWYSPTTRRYG,1
RLWMRAYSPTTRRYG,1
RLWMRWASPTTRRYG,1
RLWMRWYAPTTRRYG,1
RLWMRWYSPATRRYG,1
RLWMRWYSPTARRYG,1
RLWMRWYSPTTARYG,1
RLWMRWYSPTTRAYG,1
RLWMRWYSPTTRRAG,1
RLWMRWYSPTTRRYA,1
RLLMRLYSPTTRRYG,1
RLFMRFYSPTTRRYG,1
RLIMRIYSPTTRRYG,1
RLVMRVYSPTTRRYG,1
YGRKKKRRQRRR,1
ALIILRRRIRKQAHAHSK,1
LAIILRRRIRKQAHAHSK,1
LLAILRRRIRKQAHAHSK,1
LLIALRRRIRKQAHAHSK,1
LLIIARRRIRKQAHAHSK,1
LLIILARRIRKQAHAHSK,1
LLIILRARIRKQAHAHSK,1
LLIILRRAIRKQAHAHSK,1
LLIILRRRARKQAHAHSK,1
LLIILRRRIARKQAHAHSK,1
LLIILRRRIRAQAHAHSK,1
LLIILRRRIRKAAHAHSK,1
LLIILRRRIRKQAAAHSK,1
LLIILRRRIRKQAHAASK,1
LLIILRRRIRKQAHAHAK,1
LLIILRRRIRKQAHAHSA,1
KSHAHAQKRIRRRLIILL,1
RRIRPRPPRLPRPRP,1
RRIRPRPPRLPRPRPRP,1
PRPPRLPRPRPRPLPFPRPG,1
PPRLPRPRPRPLPFPRPG,1
RLPRPRPRPLPFPRPG,1
PRPRPRPLPFPRPG,1
PRPRPLPFPRPG,1
RQGAARVTSWLGRQLRIAGKRLEGRSK,1
RVTSWLGRQLRIAGKRLEGRSK,1
GRQLRIAGKRLEGRSK,1
RRVTSWLGRQLRIAGKRLEGRSK,1
RVRSWLGRQLRIAGKRLEGRSK,1
GRQLRIAGKRLRGRSK,1
GRQLRIAGRRLRGRSR,1
GRQLRRAGRRLRGRSR,1
GRQLRIAGRRLRRRSR,1
GRQLRRAGRRLRRRSR,1
RQLRIAGRRLRGRSR,1
KLIKGRTPIKFGKADCDRPPKHSQNGMGK,1
KLIKGRTPIKFGKADCDRPPKHSQNGM,1
KLIKGRTPIKFGKADCDRPPKHSQNGK,1
KGRTPIKFGKADCDRPPKHSQNGMGK,1
KLIKGRTPIKFGKADCDRPPKHSGK,1
KLIKGRTPIKFGKARCRRPPKHSGK,1
KLIKGRTPIKFGK,1
KRIPNKKPGKKTTTKPTKKPTIKTTKK,1
KRIPNKKPGKKTTTKPTKKPTIK,1
KRIPNKKPGKKTTTKPTKK,1
KRIPNKKPGKKT,1
KRIPNKKPGKK,1
KKPGKKTTTKPTKKPTIKTTKK,1
KKPGKKTTTKPTKK,1
KSICKTIPSNKPKKK,1
KTIPSNKPKKK,1
KPRSKNPPKKPK,1
ERERERERERERER,1
WRWRWRWRWRWRWR,1
DRRRRGSRPSGAERRRRRAAAA,1
DRRRRGSRPSGAERRRR,1
QTRRRERRAEKQAQW,1
NRARRNRRRVR,1
KRPAAIKKAGQAKKKK,1
TRRSKRRSHRKF,1
RAGLQFPVGRVHRLLRK,1
FVTRGCPRRLVARLIRVMVPRR,1
VRRFLVTLRIRRA,1
RVRILARFLRTRV,1
RVRVFVVHIPRLT,1
VIRVHFRLPVRTV,1
GTKMIFVGIKKKEERADLIAYLKKA,1
KKKEERADLIAYLKKA,1
KMIFVGIKKKEERA,1
RRRRNRTRRNRRRVRGC,1
TRRQRTRRARRNRGC,1
KMTRAQRRAAARRNRWTARGC,1
KLTRAQRRAAARKNKRNTRGC,1
NAKTRRHERRRKLAIERGC,1
MDAQTRRRERRAEKQAQWKAANGC,1
TAKTRYKARRAELIAERRGC,1
SQMTRQARRLYDGC,1
KRRIRRERNKMAAAKSRNRRRELTDTGC,1
KRARNTEAARRSRARKLQRMKQGC,1
KCFQWQRNMRKVRGPPVSC,1
KCFQWQRNMRKVRGPPVSSIKR,1
KCFQWQRNMRKVR,1
FQWQRNMRKVRGPPVS,1
QWQRNMRKVRGPPVSCIKR,1
KCFMWQEMLNKAGVPKLRCARK,1
KETWFETWFTEWSQPKKKRKV,1
KWFETWFTEWPKKRK,1
GLWWRLWWRLRSWFRLWFRA,1
ALWKTLLKKVLKA,1
ALWKTLLKKVLKAPKKKRKV,1
PKKKRKVALWKTLLKKVLKA,1
VKRKKKPALWKTLLKKVLKA,1
RQARRNRRRALWKTLLKKVLKA,1
EEEAAGRKRKKRT,1
FFFAAGRKRKKRT,1
NNNAAGRKRKKRT,1
YYYAAGRKRKKRT,1
GKKKKRKREKL,1
YTQDFNKFHTFPQTAIGVGAP,1
DFNKFHTFPQTAIGVGAP,1
KFHTFPQTAIGVGAP,1
GYGRKKRRQRRRG,1
FLGKKFKKYFLQLLK,1
KKAAQIRSQVMTHLRVI,1
YIVLRRRRKRVNTKRS,1
RRKLSQQKEKK,1
VQAILRRNWNQYKIQ,1
KTVLLRKLLKLLVRKI,1
LLKKRKVVRLIKFLLK,1
KLPCRSNTFLNIFRRKKPG,1
KKICTRKPRFMSAWAQ,1
RGGRLAYLRRRWAVLGR,1
MANLGYWLLALFVTMWTDVGLCKKRPKP,1
MANLGCWMLVLFVATWSDLGLCKKRPKP,1
RVIRVWFQNKRCKDKK,1
GIGKFLHSAKKWGKAFVGQIMNC,1
TRSSRAGLQWPVGRVHRLLRKGGC,1
RHIKIWFQNRRMKWKK,1
GRRRRRRRRRPPQ,1
GALFLAFLAAALSLMGLWSQPKKKRRV,1
TSPLNIHNGQKL,1
GLLEALAELLEGLRKRLRKFRNKIKEK,1
CVQWSLLRGYQPC,1
VRLPPPVRLPPP,1
VRLPPPVRLPPPVRLPPP,1
VHLPPPVHLPPP,1
VHLPPPVHLPPPVHLPPP,1
VKLPPPVKLPPP,1
VKLPPPVKLPPPVKLPPP,1
RQIKIFFQNRRMKWKK,1
ASMWERVKSIIKSSLAAASNI,1
GSGKKGGKKHCQKY,1
GSGKKGGKKICQKY,1
YTAIAWVKAFIRKLRK,1
IAWVKAFIRKLRKGPLG,1
RLSGMNEVLSFRWL,1
GPFHFYQFLFPPV,1
GSPWGLQHHPPRT,1
AAVALLPAVLLALLAPVQRKRQKLMP,1
MGLGLHLLVLAAALQGAWSQPKKKRKV,1
MGLGLHLLVLAAALQGAKKKRKV,1
GLFKALLKLLKSLWKLLLKA,1
CGAYDLRRRERQSRLRRRERQSR,1
RKKRRRESRKKRRRESC,1
CVKRGLKLRHVRPRVTRDV,1
YARAAARQARA,1
PPKKSAQCLRYKKPE,1
DPVDTPNPTRRKPGK,1
KRVSRNKSEKKRR,1
GRRHHCRSKAKRSRHH,1
SARHHCRSKAKRSRHH,1
SRAHHCRSKAKRSRHH,1
SRRAHCRSKAKRSRHH,1
SRRHACRSKAKRSRHH,1
SRRHHARSKAKRSRHH,1
SRRHHCRAKAKRSRHH,1
SRRHHCRSAAKRSRHH,1
SRRHHCRSKAARSRHH,1
SRRHHCRSKAKASRHH,1
SRRHHCRSKAKRARHH,1
SRRHHCRSKAKRSAHH,1
RRHHCRSKAKRSR,1
GRKGKHKRKKLP,1
GKRVAKRKLIEQNRERRR,1
GRKLKKKKNEKEDKRPRT,1
GKKTNLFSALIKKKKTA,1
GRRERNKMAAAKCRNRRR,1
GKRARNTEAARRSRARKL,1
GRRRRATAKYRTAH,1
GKRRRRATAKYRSAH,1
GRRRRKRLSHRT,1
GKHRHERGHHRDRRER,1
GKKKRKLSNRESAKRSR,1
MIIYRDLISKK,1
MIIYRALISHKK,1
MIIYRIAASHKK,1
MIIFRIAASHKK,1
MIIFRALISHKK,1
MIIFRAAASHKK,1
FIIFRIAASHKK,1
LIIFRIAASHKK,1
WIIFRIAASHKK,1
WIIFRAAASHKK,1
WIIFRALISHKK,1
MIIFRIAAYHKK,1
WIIFRIAAYHKK,1
MIIFRIAATHKK,1
WIIFRIAATHKK,1
MIIFKIAASHKK,1
WIIFKIAASHKK,1
MIIFAIAASHKK,1
MIIFRILISHKK,1
LIIFRILISHRR,1
RILQQLLFIHFRIGCRHSRI,1
RILQQLLFIHFRIGCRH,1
RILQQLLFIHFRIGC,1
DTWAGVEAIIRILQQLLFIHFR,1
GYGRKKRRGRRRTHRLPRRRRRR,1
KRIIQRILSRNS,1
KRIHPRLTRSIR,1
PPRLRKRRQLNM,1
PIRRRKKLRRLK,1
RRQRRTSKLMKR,1
MHKRPTTPSRKM,1
RQRSRRRPLNIR,1
RIRMIQNLIKKT,1
SRRKRQRSNMRI,1
QRIRKSKISRTL,1
PSKRLLHNNLRR,1
HRHIRRQSLIML,1
PQNRLQIRRHSK,1
PPHNRIQRRLNM,1
SMLKRNHSTSNR,1
GSRHPSLIIPRQ,1
SPMQKTMNLPPM,1
NKRILIRIMTRP,1
AVPAKKREKSV,1
PNTRVRPDVSF,1
YSHIATLPFTPT,1
SYIQRTPSTTLP,1
SFHQFARATLAS,1
HFAAWGGWSLVH,1
HIQLSPFSQSWR,1
SATGAPWKMWVR,1
SHAFTWPTYLQL,1
SHNWLPLWPLRP,1
SWLPYPWHVPSS,1
SWAQHLSLPPVL,1
LNVPPSWFLSQR,1
LPHPVLHMGPLR,1
VSKQPYYMWNGN,1
NYTTYKSHFQDR,1
AIPNNQLGFPFK,1
YPYDANHTRSPT,1
DPATNPGPHFPR,1
HPGSPFPPEHRP,1
TSHTDAPPARSP,1
VLGQSGYLMPMR,1
NSGTMQSASRAT,1
QAASRVENYMHR,1
HQHKPPPLTNNW,1
KTIEAHPPYYAS,1
GLWRALWRALWRSLWKLKRKV,1
GLWRALWRALRSLWKLKRKV,1
GLWRALWRGLRSLWKLKRKV,1
GLWRALWRGLRSLWKKKRKV,1
GLWRALWRALWRSLWKLKWKV,1
GLWRALWRALWRSLWKSKRKV,1
GLWRALWRALWRSLWKKKRKV,1
GLWRALWRLLRSLWRLLWSQPKKKRKV,1
YARAARRAARR,1
PARAARRAARR,1
YPRAARRAARR,1
YRRAARRAARA,1
YGRAARRAARR,1
YAREARRAARR,1
YEREARRAARR,1
YKRAARRAARR,1
YARKARRAARR,1
YKRKARRAARR,1
YGRRARRAARR,1
YGRRARRRARR,1
YGRRARRRRRR,1
YGRRRRRRRRR,1
YRRRRRRRRRR,1
GKINLKALAALAKKIL,1
GEQIAQLIAGYIDIILKKKKSK,1
AAVALLPAVLLALLAPRKKRRQRRRPPQ,1
AAVALLPAVLLALLAPRKKRRQRRRPPQC,1
RKKRRQRRRPPQCAAVALLPAVLLALLAP,1
RRRQRRKRGGDIMGEWGNEIFGAIAGFLG,1
YGRKKRRQRRRGCYGRKKRRQRRRG,1
AAVALLPAVLLALLAPRRRRRR,1
RLWRALPRVLRRLLRP,1
AAVACRICMRNFSTRQARRNHRRRHRR,1
KKDGKKRKRSRKESYSVYVYKVLKQ,1
KETWWETWWTEWSQPGRKKRRQRRRPPQ,1
RVIRWFQNKRCKDKK,1
LGLLLRHLRHHSNLLANI,1
KLWSAWPSLWSSLWKP,1
GLGSLLKKAGKKLKQPKSKRKV,1
YRFKYRFKYRLFK,1
WRFKWRFKWRFK,1
RVIRWFQNKRSKDKK,1
CWKKKKKKKKKKKKK,1
CWKKKKKKKKKKKKKKKKKK,1
KKKKKKKKKKKKKKKKKKK,1
AHALCLTERQIKIWFQNRRMKWKKEN,1
AHALCPPERQIKIWFQNRRMKWKKEN,1
AYALCLTERQIKIWFANRRMKWKKEN,1
GLPVCGETCVGGTCNTPGCKCSWPVCTRN,1
GLPVCGETCVGGTCNTPGCTCSWPKCTRN,1
RRRRRRRRRRRTYADFIASGRTGRRNAI,1
TRQARRNRRRRWRERQRGC,1
WLRRIKAWLRRIKALNRQLGVAA,1
GRKKRRQRRRPP,1
AAAAARRRIRKQAHAHSK,1
AGYLLGKINLKPLAALAKKIL,1
AGYLLGKINLRALAALARRIL,1
AWSFRVSYRGISYRRSR,1
CFITKALGISYGRKKRRQRRRPPQGSQTH,1
DSHAKRHHGYKRKFHEKHHSHRGY,1
DTWPGVEALIRILQQLLFIHFRIGCQH,1
GIASNGQLPTPKT,1
GILLRNQVLPPQI,1
GLFNWLQLRPPSW,1
GSNFFYQHRLPFS,1
GYRRTTPSYWRMWLR,1
KGSWYSMRKMSMIRPFFPQQ,1
KIWFQNKKMKWKK,1
KKTCRRINYCALNK,1
KLWMRWYSPTTRAYG,1
KPSARMLLLKGFGK,1
KQIKIWFQNKKMKWKK,1
KQINNWFINQRKRHWK,1
KTRYYSMKKTTMKIIPFNRL,1
KWFKIQLQIKKWKNKK,1
LITKQYRYPSRRRFN,1
PLILLRLLRGQF,1
PLIYLRLLRGQF,1
PRLPRLPRLPRL,1
PYSRPHVQLWYPNRESCRSLIRSLGP,1
QDGGTWHLVAYCAKSHRY,1
RCGRASRCRVRWMRRRRI,1
RGADYSLRAVRMKIRPLVTQ,1
RGWEVLKYWWNLLQY,1
RIWFQNRRMRWRR,1
RKKTFKEVANAVKISA,1
RLWMRWWSATTRAYG,1
RLWMRWYAPAARRYG,1
RLWMRWYSGTTRRYG,1
RLWMRWYSPTTRARG,1
RQIKIWFQNRRLKWKK,1
RRLRRLLRRLRRLLRRLR,1
RRRRNRTRRNRRRVR,1
RRRRRRRRRFF,1
RWFKIQLQIRRWKNKK,1
RWFKIQMQIRRWKNKK,1
RWFRIQLQIRRWRNRR,1
SGEHTNGPSKTSVRWVWD,1
SLFRALWRLLESLWRLLWK,1
SLWRALWRLLRALWRLLWKA,1
SLWRALWRLLRNLWRLLWKA,1
SLWRALWRLLRSLWRLWRKA,1
SLWRALWRLWRSLWRLLWKA,1
SLWRALWRLWRSLWRLWRKA,1
SPGNQSTGVIGTPSFSNH,1
SPTRPTHQGLLPVSNKYT,1
STHLQYHVNYTSRTVVSM,1
TPWWRLWTKWHHKRRDLPRKPE,1
TRRNKRNRIQEQLNRK,1
VDKGSYLPRPTPPRPIYNRN,1
VLTTGLPALISWIRRRHRRHC,1
WKARRQAFRVLHHWN,1
WKWRRQWFRVLHHWN,1
CGPGSDDEAAADAQHAAPPKKKRKVGY,1
CNGRCGGKKLKLLKLL,1
CNGRCGGKLAKLAKLAKLAK,1
CNGRCGGLVTT,1
GAARVTSWLGRQLRIAGKRLEGRSK,1
GGRQIKIWFQNRRMKWKK,1
GLAFLGFLGAAGSTMGAWSQPKSKRKV,1
GRKKRRQRRRPPC,1
KCRKKKRRQRRRKKLSECLKRIGDELDS,1
KLALKALKALKAALKLA,1
KRPAATKKAGQAKKKKL,1
MDAQTRRRERRAEKQAQWKAAN,1
MPKKKPTPIQLNP,1
RGGRLSSYSRRRFSTSTGR,1
RKSSKPIMEKRRRAR,1
RQGAARVTSWLGRQLRIAGKRLEGR,1
RQIKIWFQNRRMKWKKLRKKKKKH,1
RQPKIWFPNRRMPWKK,1
RRLSSYSSRRRF,1
SWLGRQLRIAGKRLEGRSK,1
TAKTRYKARRAELIAERR,1
TRSSRAGLQFPVGRVHRLLRK,1
YGRKKRRQRRRGTSSSSDELSWIIELLEK,1
YGRKKRRQRRRSVYDFFVWL,1
GALFLGFLGAAGSRMGAWSQPKSKRKV,1
AQRRVSKNSKYNA,1
MAQDIISTIGDLVKWIIDTVNKFTKK,1
GALFLGFLGAAGSRMGAWSQPKKKRKV,1
MAMPGEPRRANVMAHKLEPASLQLRSCA,1
KSKTEYYNAWAVWERNAP,1
RRRRRRRRRGPLGLAGEEEEEEEE,1
GAFSWGSLWSGIKNFGSTVKNYG,1
RRRRNRTRRNRRRVRRRFYGPV,1
RAGLQFPVGRLLRRLLR,1
RAGLQFPVGRLLRRLLRRLLR,1
RLWRLLWRLWRRLWRLLR,1
KWKLFKKYGRKKRRQRRR,1
ARLLWLLRGLTLGTAPRRA,1
STSGTGKMTRAQRRAAARRNRA,1
GPGLWERQAREHSERKKRRRESECKAA,1
CPYVNQRPQKARYRNG,1
CWRRRRRRRRK,1
GTKMIFVGIKKKEERADLIKKA,1
DRQIKIWFQNRRMKWKK,1
ACKTGSHNQCG,1
GRVEVLYRGSW,1
GRVRVLYRGSW,1
KIKKVKKKGRKKIKKVKKKGRK,1
CVKRGLKLRHVRPRVTRMDV,1
YGGFLRRIRPKLKWDNQ,1
HGLASTLTRWAHYNALIRAF,1
GYNYAKKLANLAKKFANALW,1
HHHHHHRRRRRR,1
HHHHHHHHHHHHHHHH,1
GKCSTRGRKCCRRKK,1
WKKIWSKIKKLLK,1
IKKWWSKIKKLLK,1
MAAWMRSLFSPLKKLWIRMH,1
KHKHKHKHKHKHKHKHKH,1
IWLTALKFLGKHAAKHEAKQQLSKL,1
DLIWKLLSKAQEKFGKNKSR,1
HYRIKPTFRRLKWKYKGKFW,1
LAGRRRRRRRRRK,1
MFKLRAKIKVRLRAKIKL,1
AFLGWLGAWGTMGWSPKKKRK,1
LPKQKRRQRRRM,1
MLSLRQSIRFFK,1
PLPRPRPLPRPRPLPRPRPLPRPR,1
RARRARRARIKILFQNRRMKWKK,1
RARRNRRARYQFLIRARNRARN,1
RRRRKSLHRSLQDS,1
YRRRRRRRRRHAHAHH,1
RRLRRLLRRLLRRLRR,1
YTIWMPENPRPGTPCDIFTNSRGKRASNG,1
HHHKKKVVVVVV,1
CGISYGRKKRRQRRR,1
GRKKRRQRRRPQKLLKLLLKLLLKLLK,1
INWKKWWQVFYTVV,1
MAVPPTYADLGKSARDVFTKGYGFGL,1
FWIGGFIKKLKRSKLA,1
FKIKKFIGGLWRSKLA,1
FKIGGFIKKLWRSKLA,1
RLIKTLKTLLQKRKTL,1
YWLKLLKKWLKLWKKLLKLW,1
YRIKPTFRRLKWKYKGKFA,1
RSRGRLRRGAIRLQRG,1
KKWKMRRGAGRRRRRRRRR,1
FLGALFKVASKVLPSVFCAITKKC,0
AITFYPFAPNQITCIHE,0
IKRYLIKR,0
CLGSGEQCVRDTSCCSMSCTNNICF,0
PLGPVVHKCCPGFGGLQWLPLLWNWYQNMWGN,0
EMCILIDENDNKIGADTKKNCHLNENIDKGLLHRA,0
FKMHEN,0
GMNCSREYAHCTSAYV,0
MIRIAALNASSTIEDDHEGSFKSHKIQTKEAQEAE,0
ELFSPIAIAVLGSCVL,0
EGGGPQWAVGHFM,0
FLSFLLGPLIDLISKG,0
FLPFLAKILTGVL,0
SNGHACRPW,0
MIEMAM,0
TPTSPSSPGLSPVPPPDKVDGFSRRSLRRARPRR,0
GLFLDTLKGLAGKLLQGLKCIKAGCKP,0
NAGGWFSSWFFSNTANEDQDDMLPSTSAAAGETNYARN,0
GAPRLVLLFSGKRKSGKDFVTEA,0
CVKLNDGHFMPVLGFGTYAPPEVPRSKALEVTKLA,0
IDLNITMLEDHEFVP,0
HGVSGHGQHGVHG,0
ENGPDQWSKLYP,0
YTMQMLLEIHRKNW,0
INWLKLGKAIIDAL,0
ARFSNPGVWSKVAADIFNMALDTALA,0
VIVYIVVKDASSK,0
DKLGVWFIWANNASVFHAYHLKC,0
TAAGDARANAVAKAGLHDLNIETDTERNH,0
FDPYALSEHDEERPQNVQSKSRTAELQAEIDDTVGI,0
NSDMAHERKFMWQYNR,0
QAHVHVWHKYSVKTVYH,0
FQAYPCITAYKVMYID,0
SHMMGEFWGDEDMCYRHQRSYET,0
QIMISA,0
YSSQHLCGSNLVEALYMTCGRSGFYRPHD,0
FLGVVFKLASKVFPAVFGKV,0
MPVMFYFSARNEVALVLVYFNFMIMMMH,0
FLPLLAGVVANFLPQIICKIARKC,0
HAQKQLSKTSWDFIEGEADDGITYSENIAAFKRIRLR,0
APVTGAHMAYVDYWVPCQFTECSGEYVTEEYRKA,0
AVNANFGWQDKRFSTFG,0
RPEGQNYTEGIAVVF,0
QWGYGGMPYGGYGGMGGYGMGGYGMGY,0
QEHDYGNLDLCN,0
FTFGGGYVYFEEYAY,0
SYNTF,0
LMLRTVGYKFHCSLPVNAVHCSLK,0
YTPNDITLNNSVALDPIDISIELNKAKSDLEESKE,0
NWVTMKDSADSIDHECPRYFDTCERSCKISE,0
GGTSSSDAQQSLQSFWPRVM,0
MEPLWWANYDNTQ,0
PLDGMCDKGNYTQ,0
QKVAFCDCCYDDIYTVEFKGCIFRPK,0
CYFQNCPRG,0
SDPSVPLRPEEDELIDQ,0
IVMVGDGGVGKSAMTIQFIQSTFV,0
LSNTLAELYVREHLR,0
MVMEMRNF,0
KLDFLGEGQFATVYKARDKNT,0
TAQVFFNVYKKAKPN,0
TTPFTIRGPLGNQGRGNPVR,0
MDMVAIDDQDYIMCHF,0
IHSHWFVMVLKGKAARQRDDLWTHPCFPS,0
GHHSLKITDDPFDVPFPINDDHDS,0
LIKRKRLI,0
RFVHNC,0
MLPRLICINDYEQHAKSVLPKSIYDYYRSGANDEE,0
PDEIGGKFPTAYVQDYLINPE,0
VIVTERVLLLVAP,0
FLPLFLPKIICVITKKC,0
CYFQNCPVG,0
VDFEEAYLAVS,0
QSGAKPGHCEWQSTHLKNCEKVNDIRQPPHHQRS,0
VTQADVGSALANLKIPGVGS,0
FLPVLAGIAAKVVPALFCKITKKC,0
MNASQVAGEEAPQSGHSVKVVLVGDGGCGKTSLMMVF,0
CPLDQFECGGDEPG,0
HADGLFTSGYSKLLGQLSARRYLESLI,0
YMVGLCDYHILYSGWGQMDWHPEPHFYAWMYR,0
YGFMELFDDVTAIFSIDHCQEEYYEQMANNVM,0
KLFNGNEVCLDPKEKWVQKVVQIFLK,0
CAETCIYIPCFTEAVGCKCKDKVCYKN,0
ICITRRSICMVTCNKEWPQNRNAHTFLI,0
LRKKKKKH,0
KIIRRLIK,0
KLIRKRLI,0
LIKRRKIL,0
RLIKRLIK,0
YLANGEL,0
GLVSSIGRALGGLLADVVKSKGQPA,0
RVCFAIPLPICH,0
GWFDVVKHIASAV,0
LLKELWTKMKGAGKAVLGKIKGLL,0
FLPFIAGMAANFLPKIFCAISKKC,0
ILGTILGLLKGL,0
WLNALLHHGLNCAKGVLA,0
RSNKGFNFMVDMIQALSK,0
VWPLGLVICKALKIC,0
FLSAITSLLGKLL,0
GVVTDLLKTAGKLLGNLVGSLSG,0
GLRSKIWLWVLLMIWQESNKFKKM,0
GIMDSVKGLAKNLAGKLLDSLKCKITGC,0
ALWKTLLKGAGKVFGHVAKQFLGSQGQPES,0
LLGMIPLAISAISALSKL,0
NRWWQGVVPTVSYECRMNSWQHVFTCC,0
SWKSMAKKLKEYMEKLKQRA,0
GTLPCESCVWIPCISSVVGCSCKSKVCYKN,0
MRKEFHNVLSSGQLLADKRPARDYNRK,0
GLFTLIKCAYQLIAPTVACN,0
FIITGLVRGLTKLF,0
FMGGLIKAATKIVPAAYCAITKKC,0
IIPLPLGYFAKKT,0
HSDAVFTDNYTRLRKQMAVKKYLNSILN,0
FLPVLARLAVKFLPSIVCAATKKC,0
AVLDFIKAAGKGLVTNIMEKVG,0
FFGHLFKLATKIIPSLFQ,0
RCTCTTIISSSSTF,0
RCVCRRGVCRCVCTRGFC,0
ITCQQVTSELGPCVPYLTGQGIP,0
GIFSTVFKAGKGIVCGLTGLC,0
PSCVCSGFETSGIHFC,0
FKVQNQHGQVVKIFHH,0
SFPFFPPGICKRLKRC,0
SFHVFPPWMCKSLKKC,0
FPPPGESAVDMSFFYALSNP,0
GFMDTAKNVAKNVAVTLIDKLRCKVTGGC,0
GKLQAFLAKMKEIAAQTL,0
FLKPLFNAALKLLP,0
GFGSFLGKALKAALKIGANVLGGAPQQ,0
FFPLLFGALSSHLPKLF,0
GMATKAGTALGKVAKAVIGAAL,0
GLFLDTLKKFAKAGMEAVINPK,0
MQFITDLIKKAVDFFKGLFGNK,0
LLRHVVKILEKYL,0
FFGHLYRGITSVVKHVHGLLSG,0
FLPFLIPALTSLISSL,0
FIPLVSGLFSRLL,0
GFFDRIKALTKNVTLELLNTITCKLPVTPP,0
GAFGDLLKGVAKEAGLKLLNMAQCKLSGNC,0
GWASSIGSILGKFAKGGAQAFLQPK,0
GNGVVLTLTHECNLATWTKKLKCC,0
GLEESPGHPGQPGPPGPPGAPGP,0
KLSPSLGPVSKGKLLAGQR,0
FIGAVAGLLSKIF,0
EWKLPDLIINHITLTRRNCNKYRCG,0
FIGALLGPLLNLLK,0
YQLLQELCCQHL,0
YCNGKRVCVCRG,0
GGTYSCHFGPLTWVCKPQGG,0
GRVRDQIMLSLGG,0
MTPPPLPARVDFSLAGALN,0
PPPPGGPQPRPPQG,0
RYDWWPYGNLFGGHTFISP,0
AEPGADDAEEVEQKQLQ,0
KKAVRRQEAVDAL,0
IKIMDILAKLGKVLAHVG,0
FVQWFSKFLGRILG,0
GLFDIVKKVVGTIAGLG,0
ALQTLPAMCNVY,0
IPPYCTIAPFGI,0
QPFPQPQQPFPQSQ,0
AIEWEGIESGSVEQA,0
LEELEEELEGCE,0
LNENLLRFFVAPFPEVFG,0
TPVVNPPFLQQT,0
SAATNAVHRCCLTGCTQQDLLGLCPH,0
DSLSFSYNNFEEDD,0
DTHISEKIIDCNDIG,0
FLPMLAKLLSGFLGK,0
FIGPLISALASLFKG,0
SDRPTRAMDSPLIRF,0
PFSLIPHAIGGLISAIK,0
SLSYEDKMFDNVEFTPRL,0
GIGGKPVQTAFVDNDGIYD,0
VLSHNNESSYSDTSSCTSQ,0
NPFKELERAGQRVRDAIIS,0
ACAAHCLLRGNRGGYCNGKG,0
IIGAIAAALPHVINAIKNTFG,0
MIASHLAFEKLSKLGSKHTML,0
GFLDKLKKGASDFANALVNSIKGT,0
DNTVTSKPLNCMNYFWKSRTAC,0
LFGFLIKLIPSLFGALSNIGRNRNQ,0
ISCQDVKQSLAPCLPYVTGRAPKPA,0
DTNFPICLFCCKCCKNSSCGLCCIT,0
ALWKDMLSGIGKLAGQAALGAVKTLV,0
GWKSVFRKAKKVGKTVGGLALDHYLG,0
TTITVVNKCSYTVWPGALPGGGVVLD,0
DLWNSIKDMAAAAGRAALNAVTGMVNQ,0
GFGMLFKFLAKKVAKKLVSHVAQKQLE,0
DVLKKIGTVALHAGKAALGAVADTISQ,0
RDWERREFERRQNELRREQEQRREELL,0
RDSLQRGGQKILEKAERIGDRIKDIFRG,0
MKVFFLFAVLFCLVRRNSVHISHQEARGP,0
NGVYCTKNKCTVDWAKATTCIAGMSIGGF,0
TCTLGTCYTAGCSCSWPVCTRNGVPICGE,0
VPSAGDMMVRF,0
DEATVFGLWPLCSYRMLPF,0
NPGTPQHLCGSHLVDALYLVCGPTGFFYNP,0
RSLDASPSSAFSGNHSLS,0
PVKVYPNGVQEETSEGFPLEF,0
YGGFLRRQFKVVTRSQEDPNAYSGELFDA,0
QEADPSSSLEADSTLKDEPRELSNM,0
SSPETLISDLLMRESTENVPRTRLEDPAMW,0
FVSRHLCGSNLVETLYSVCQDDGFFYIPKD,0
RMTLSEKCCQVGCIRKDIARLC,0
SVLTPSLSSLGESLESGIS,0
QGVNDNEEGFFSAR,0
ADTNAPICLCDEPGVLGR,0
HSEGTFSNDYSKYLETRRAQDFVQWLKNS,0
SDEDSDGDRPQASPGLGPGP,0
RVDSADESNDDGFD,0
QGTTNIVCECCMKPCTLSELRQYCP,0
QADPNKFYGLM,0
KPKCGLCRYRCCSGGCSSGKCVNGACDCS,0
GCCSDPRCRYRC,0
GCCGSFACRFGCVPCCV,0
RCCKFPCPDSCRYLCC,0
ALNSVAYERSVMQDYE,0
QCCITIPECCRI,0
DCCHNTQLPFIYKTCPEGCNL,0
TCCKFQFLNFCCNE,0
YGGFMKPYTKQSHKPLITLLKHITLKNEQ,0
QATVGDVNTDRPGLLDLK,0
AATAATPATAATPATAARA,0
EEKMGFAKKCCAIGCSTEDFRMVC,0
KSDLLGALLSRNSPSSYGLPSRDMSTAY,0
IIDYYDEGEEDRDVGVVDAR,0
AFDHYGFTGGL,0
QIDPLGFSGGI,0
KPNPERFYAPM,0
GCIGRNESQKKDNVYKFKE,0
AGNLSECFWKYCV,0
GRGARRYCGRVLADTLAYLCPEMEEVE,0
YKVDEDLQGAGGIQSRGYFFFRPRN,0
DDASDRAKKFYGLM,0
SVNTKNDFMRF,0
ILGLLKGISALLS,0
NGVCCGYKLCHPC,0
CCSQDCLVCIPCCPN,0
NCPYCVVYCCPPAYCEASGCRPP,0
ADDSDPVGGEFLAEGGGVR,0
GCCSTPPCAVLYC,0
DGCSNAGAFCGIHPGLCCSEICIVWCT,0
APEESPKRAPSGFLGVR,0
ALFEESTVSAEPR,0
EYDDMYTEKRPKVYAFGL,0
GLFDIIKKVASVVGLASQ,0
GLVPNLLNNLGL,0
GNTKKAVPGFYGTR,0
SDLTWTYQSPGDPTNSKN,0
FKAPYNIHWHCKPGLLC,0
AKKELCTCQQPKHLKYIEKGLQKAKDYAT,0
NGGTSGLFAFPRV,0
DSSNLPPNQKQIVD,0
DVDFNSESTRRKNKQKEIVDLHNSLKKTV,0
GCCPFPACTHTIICRCC,0
KCCMRPICMCPCCIGAG,0
GKCGEINGSCDECYGGSVTCDCY,0
SCIKHGDFCDGDNDDCQCCRDNGF,0
TQRLANFLIHSSNNFGAIFSPPN,0
SYGWAEGDTTDNEYLRF,0
GVSFHPRLKEKDDNSSGNSRKSNPK,0
GPGSAICNMACRLEHGHLYPFCNCD,0
MWHRNRGDGGRPETSSGRRRRLR,0
MSNRGASLKGLFLAVLLVSNTLLTKEGVT,0
CHRRDSHKIDNYFKVLKCRLIHDSNC,0
VPLPAGGGTVLNQDVPARQPLGG,0
DCCPAKLLCCNP,0
GPYGGGGLVGALLG,0
SPMQRSSMVRF,0
LYISRQGFRPA,0
SMAMGRLGLRPG,0
ASEDALFGTMRF,0
AKWKEDVIKLCSRELVRTQIAICG,0
CCKVQCESCTPCC,0
NPELYQMNHFRWGQPPTHFKQ,0
ALCCYGYRFCCPNFR,0
KRGGAQYAPYWQETYLRSRK,0
VCIADDMPCGFGLFGGPLCCSGWCLFVCL,0
RGCREGGEFCGTLYEERCCSGWCFFVCV,0
SYCGSTTRICCGYCAYFGKKCIDYPSN,0
YIKVLRCRVVFQNEC,0
SEAAALPRASAAAMRAAWPSPSVERV,0
VMMVEAGFGTHGCPLLQGTCDSHCRGMDA,0
GHDFDQDDVNSSGEKDESLVRI,0
SENPSNSRNFIRL,0
CTCFTYKDKECVYYCHLDIIWINTP,0
MTDMWSLKICAWLGFLLLFKP,0
MSPRPLAWALVL,0
FSETIPAPTSKNEAQQKS,0
LRTLLELARTQSQRERAEQNRIIFDSVGK,0
AFDSLAGSGFDNGFN,0
MYKIQLLSCIALTLALVANGAPTSSSTGNT,0
GLTPNMNSLFF,0
LPYPVNCKTECECVMCGLGIICKQCYYQQ,0
DGKLYKMTHFRWSEGS,0
SLLADTQSGHRW,0
SGTGLSATLPQRF,0
STDCGGPKTQPLACDHPPLPDILFL,0
GGAGEPLAFSPDMLSLRF,0
NSELINSLLGIPKVMTDA,0
RGPDHRFAFGL,0
FLGALIKGAIHGGRFIHGMIQNHHG,0
PDERRQLNKIFLWDFCNSDSI,0
MNFLLSWVHWTLALLLYLHHAKW,0
DYDPRTEAPRRLPADDDEVDGEDRV,0
MHVERRECAYCLTINTTICAGYCMTR,0
MQKLQISVYIYLFMLIVAGPVDLNENSEQK,0
IVAVLFLTACQFNAADDSRVRRNAEH,0
VKRCCDEEECSSACWPCCWG,0
NWTPQAMLYLKGAQ,0
MHSSALLCCLVLLT,0
TAEALRCQENYLPSPCQ,0
SAGATANLPLRS,0
DGSVDFKKNWIQYKEGFGHLSPTG,0
PAETPNSLDLTFNRRIMDTI,0
DCLPDWFHYEGHCYRVFDEPKKWADAEKFC,0
CFKKDMHKVETYL,0
AAEFPDFYDSEEQMGPHQEA,0
EEEESRPRKLCGRHLLIEVIKLCGQSDWS,0
KFDMVAYVSEEDS,0
KKDGYPVEYDRAY,0
LAKRADICQPGKTSQRACET,0
NGARVSDMFRPSGDDFGDYSANWGDF,0
RCCQTFYWCCVQ,0
MKVSAAALAVILIATALCA,0
VVCNYRDVRFESIRLPGGPRGVNPVVSY,0
MKLNGGKSLDPTGLY,0
MRTWACLLLLGCGYLAFALAV,0
RPWCHPINAILAVEKVVCTYRDVRFESIRL,0
AADHDVGSELPPEGVLGALLRV,0
LETPAPQVPARRLLPP,0
TMKLCGRKLPETLSKLCVY,0
RRKMCGEALIQALDVICVNGFT,0
EPTWNNLKGMW,0
FLGRVLPPTRATASTHRSRL,0
LLTNAAESRGIPSIII,0
QQTTALPTWGLAPSGKGRGLQHPPPVGSQE,0
KLPWTEFAESAEDGPTTRFCQKLAKNHDMVVVS,0
MTAVNDFLTPRSIAVNAINQTHAKVV,0
SQGQRISALRAIGASAPELPR,0
DAKLIMIDPKMLELSIYEGIPHLLCPVVT,0
ARNPIHLAAPALAE,0
ESGGPEPGVGCAGRGVITSITYLEEAGAYENLD,0
GGYRPQFYFRTTDVTGIIQLPEGVEMVMPGDN,0
STVKPIVIMEALK,0
TPAPTPVPEHPMVP,0
PATRTLISYVLKFQILKA,0
YPYILLTKERHPRITSHRGSKKV,0
DSEEAIRYRQEVYVRETSPLIEVYRERGLLVEV,0
ENIMKKPKEPEPSFPSF,0
TGPSPAPPYGLFVGGRFQSPGTQSSR,0
DKEVLKGYFKESRLAYDLAYGFLTPFLS,0
GLLSTAAGVQRASAKSTLAIV,0
ESCTLFEEMFVPFPMRSQRNQAG,0
VSEEEREELVAQFNTILDYFQQLDEVDTEGVEP,0
APPPPAPCFSQVAS,0
DATKQADIIHILIPDMIQGQVYKDEIGPNLSEGK,0
LLMTVFKTAPLLIAALAASSCGGGGSG,0
EAQKTSPSLCPESQASGPPVLEPQGAG,0
VLTGMGADGREGARMLKAAGATIWA,0
VGGSAYDAHGVAISDADMEKALAADA,0
AFHFILPFIITALVIVHLLFLHETGSNNPS,0
ADTIYPFTQAENVWLPNKNDIIEK,0
MRHLLGQSLTMYKVPELIFKRDQSV,0
GQLELFSKMSR,0
NMFNQLVRKYLRQGYYGNKVILGHHPDN,0
PTRKLLAKNLATLYSIGDTFTVF,0
AKGQRVGIFSGSGVGKSTLLGMIAKN,0
KQSVQDGYFVGPRGSIGSSLVANLIGI,0
VEFTVQGNPLEHHPT,0
TPLNLAVNWRCE,0
SLDHLRREFAKETGIIPKGVYDFVWVVDW,0
NKIEITSIDECFIDATD,0
ALVKSALEPGFLVLVNDSNGYHVLQSCLE,0
KFKEINEAYQILSDSQKKQ,0
PPAEPFLLNVNIP,0
RRTNQILTKYLPVKFE,0
SQSGNPVMSTVAFLASVVDP,0
FLIDRMGMTYVLALTGGIATG,0
VFSLAGPVVSMAGHGEQ,0
AREVMDEIEARMQQASGELRFEEA,0
CEYLSNVVTDGNVIKHDASIDEDSAVEIVRVEL,0
INVPLRDAKASSRKRRADTAVS,0
DCSTFLRTSETGIVDQVMVTLNQEGYKFCKIRVR,0
VWTLTVYSIWMSVEDHIGY,0
PVADIKAIVTGKDCPHMKEKSA,0
GGVNLAQKFVKNNRCQQANVGTPQPGSHGSVRT,0
KFIQGTIAENAPIIPISAQMKYNIDVI,0
AILDIRSIDEQEDKPLKVEGVEVVSLPF,0
QVRERVFQQALQGA,0
IFDQMFCSIYFHTLRYEGPFTPPSLKGSL,0
ASEEKLEQVLSSMKEN,0
ALEACGAPVERLQIEAGGPAWYHPG,0
YGKPMEPEKIPDIIFIDGGRGQLSRAYNV,0
LKKYWDNGMTSLGSVCREKIEAVAT,0
SALLAEEDIPHNLLN,0
LAKQELVKILQPG,0
PVVLMTKKRDGTLAPYS,0
ERGLLHSSQLPLDVYDLTMP,0
DDGYSYVDLNRQGTPLVEIV,0
SLDELAAASAASTEAALDALLEQPPVEEAFV,0
MITGAAQMDGAILVVSGADGP,0
KEECECTARRPRIPREL,0
RAKEAAEEPSH,0
KALLIKQNLKEGITVDQQDLFAYEKYKLLEFYAW,0
ADLEKLTGKQVQLNILEV,0
TIILDTKNRREEVMAKYEILYIIRPNIEEEA,0
NKSMKTLRLNNVTLEMAAYQEESEPKR,0
VVKKLMTEFNYNSVMQVPRVEKITLN,0
HFNLMNSRTIADNVAFPLKGLKSKQAIQKKV,0
VASDSEYSAECESLFHSTVVDTSEDEQSNYTTN,0
PEEELEGSSEPEEWCPPMPERSHLTE,0
TGVDNLFYIDKFQVREVKMETLLAG,0
YFDDDDMWNKAENMLKEAADELGLSYEEA,0
FVEVETPTLTRSTPEGARDFLVPSRLQPGSF,0
RFVQAGSEVSALLGR,0
GRVVELSQEHLPGIGGAVWSDSRCQLTVGD,0
YEKALHSFIIHEDPSLNYISALKETAKE,0
APNVGALHNVLGRLRTAGKYHWVKD,0
YPFIKITNERHPKLIVTRHVKKDKGKYFGP,0
PSKVVPLEERMKIASQLFLSGFEDSYRNY,0
QVRQATNQIVMNCADIDIIT,0
PYEENLNYLIDHISKYHFRDGFRH,0
KTKRLRYKEGKTSS,0
ILPEGFELAPP,0
PSSTASSSLTSSPCSSPVLTKRLLGSSAS,0
EIDELVGLVNERGKVTLSYASIEEI,0
IATLEIKLLMLHNQQKTAAPPQSLLDVLFSM,0
VDKLADTVKTTIGPKGRNVVLEQSYGNP,0
RDAQAFAAGHITGARHLDNHSVADFIRGA,0
VTLLLAYRSPLCRDTKPMYRP,0
AAPGGKTTHILEVAPEAQVV,0
KLEVANDALGALRLKLGKELNLIDESL,0
AGTYAPLPDSFSSEFK,0
LIRLMLMEAPSQRPNICQVLEEVSRLQN,0
VAMAFVRGLARRDTG,0
VYDEDGIAHALPESMLPLELPEVEDY,0
KGLLNLTEKTKKPLVICSTGFSDEDLA,0
AVTPPPKPETPQIFEYQ,0
ESLYPGKGIKNAGREVEVIYV,0
PAKGSVGASGDLAPLAHLSLTL,0
REGSWDLGVEWFPMLENPVKTQISV,0
TSSNYDDDEKKVTGGRNGYGAKLCNIFS,0
SDSRVIIFTELRESA,0
FNCFLELPEVLHGKKFLKVDEATREDMLMS,0
IPDHAFAVKTLLEKLTSHEIIQSLDEIE,0
LLFLDEAARLDAKSISTLFELCDRLDM,0
EDKVVQPTFLLEHPVEISPLAK,0
GGVPQDLSRRDFTAALRRLSQRGLDGRTLARK,0
IAPTYSCIALQDLMAKLETG,0
ATLGNLALPFLARNT,0
SKDLREASDIGGQGS,0
ELAITATCVRVPVLRAH,0
PLQTYKELIKLYQAEEVSFKY,0
HVPLSPRTLNAWVKLVEEKKFGAEVVPGF,0
GSDRVSNSDFVTM,0
PAHAKISDDSKETIQECVSEYISFITGE,0
SGGDLPLADLAASFEQVVADVLVERA,0
WKSMFGSLDPPNMPQA,0
SDCGIVNVNIPTSGAEIGGAFGGEKH,0
HHSIAYKFRKKFVMTKIEDIFVTVGRTGLITY,0
APLVSRATVHVRLLDRNDNPPVLGNF,0
QAKKSITYLNRGPTTFYSVAYSEHSSFNELR,0
SDLLFYEGLHGAVVTDKVNVAQYA,0
ANAATYTTGLTAASFTS,0
TFSLPRSLLDSMTVAVD,0
WSALLEKAYAKVNGSYESLSGG,0
AEALQQALEEQWAKKVRLAWRVRSD,0
QSYYSSQEYDAIHGTLEK,0
CVADLLSKESGKKEITLLTTSGSLKSKILGNNLV,0
ILWILVLNAIVGVWQESNAEKALEALK,0
GALSEKERKLYDLIAKR,0
EVGRALANLTDATTIIGGGDSTAAAK,0
ELGQPMHAFDLET,0
IVISKTDSNFDWWEGKLRGQTGIFP,0
IKNGALANLVREIEM,0
DFIDWVDNMWPR,0
KLKKKPFNRYPECQPSKLISSYAHYVNLSC,0
TTYKYEMINKQNEQMHALLA,0
YSDFHFIDERGESIIVESGDP,0
GIPIAGEEEVKV,0
PFFAFHDRDIAPEGSTLKETNQNLDIIVGMI,0
HSEYSYSFPDISSEMMIR,0
NAGSPQMLDQVGRAAPGHPVWI,0
QLGVQALSIANQSS,0
ELQPKASFLCAEVVRLGRTAAGETLNEGA,0
YFYSYKVVKGVKKYFSFSQSNGYK,0
FGAYPVAAKARAGGGPTLQCPPPSSPEKAAS,0
VDKFFIYVIED,0
PVPSLNVLNGGKH,0
VCYDPEREGVYDESNIHELRTIKLNDLDIN,0
DTVIMASVFVHPTAQDYNKIYRFN,0
PADWRGCKPSCPWGSSSWCNEECT,0
NIDEQPRPLTDSHR,0
ETRRKRMACQVFFLNYYISTIEYH,0
APYQRDNFILRQ,0
GYNPMQDPNFHTMGQ,0
ARAVLYLAQGTFGECDSEVDVLHWSRYN,0
GTSNEEAGLPQRRPLRQSSKQVKARLPIDSKGG,0
ILSDSYNPDICVA,0
PTEVRMGKGKGAVDYWAARVKPGRIM,0
RSPAILYNSGGQVAKFHYEWNDPKKL,0
ILHTLNLPLDMLAPYLDAKL,0
LFIALVNQTLIMFGKPVLPVAEDQ,0
TPLEAIASSLTELFAPNLHE,0
FTELEPEDLLKFGLIPEFVGRLPV,0
GLCPLLAVTATVTNA,0
SELCKLYDYCP,0
SLYNALGIYLPLITVNCAIMAGSL,0
SRKLLRVEVDIGEEKPRQLVAGMASYYTS,0
SRLPAGSDESWTQKLYQTLDKPPTNKVFS,0
SRLSELSKVQISELS,0
APYVGAVVMPGGAGQSRSELDEWTTFARSRGAKG,0
PEGHELCRPEAVEAEATLRAITIASA,0
HVRGVAMNPVDHPHGGGEGRT,0
GSSSMATVCGSSLALMHAGVP,0
RGKQLHAAVHSLQSFDRAMDQFLAFLSETETLC,0
RDVLGGTALPQIQ,0
YLREYKLVVVGDGGVGKS,0
KLVEQKTPEVWECLEEVVKQHPVLLNRAPTLH,0
IDFDGPLEVDQ,0
DMTTKFMTDPVRVLVKRDELTLEGIKQYFIAVEK,0
GKNVKPQIHENFDGN,0
LQFGTEPFTGGPATLSVSNW,0
PERGLWENIAYLDFRCHPADTKVIVKGKGV,0
VELQDKVDSLDKDIKFLKCLY,0
VIAEDDLVDSCKPGDRV,0
DDLGHKVEKLLFDLFSGKRSGSPDIDKKINQAC,0
ILLILLCIATVFLSVGGTALYCT,0
AHGVPVGGELDYLDEGTLAAALRARTVIM,0
RTQNWTNSFGSSNAGNGSTT,0
PTTPSTPAKSAQSSKHARRPSKQASAPSSPGTTS,0
DFPIFRNQKDPYIYLDSAATTHKPQCVIDAVTDY,0
TKGEVREAVDQVLETLDKGEARVAE,0
LLGKSFIGSLELFSLVNHLFNFFR,0
SGRWTQETCLPTIYKVFPT,0
NEVRCADPEAAEEMR,0
EMGVTVAKEGIDTYSFKA,0
IVFYLLGSWFLS,0
RRLVDVFQRWGYEYVITPMIEFTD,0
LSITEWRPVTGAVPPMSEAEWQ,0
VDMGKPSFNPADIL,0
EGVMDRIVSQLLAELDGMSGGDGGDG,0
AFTGELPNGDQYYGFPAENDALKIGKHNGGQV,0
VIKKILGRIECPKG,0
EGHNLQEHSVVLIRGGRVKDLPGVRYHVVRGTL,0
TTVAEICQFVKPATH,0
NSYLDELTGRP,0
PRRSDAPQLRDEYRTYKLLAGCTGIPNVYY,0
IIKDRQYTAKADSVARRSCQTALYHIAEALV,0
SYLIGSIPFGLLFTRLAKLGD,0
YKMFMVAAPKVPVKRGCIDACPKNSLLVKY,0
ARLRITLSATHDDDALDALL,0
LDAIDSRSQSKKLGKETPHDYLIT,0
EVLQDSLDRCYSTQSMYFELPDSFQHYR,0
TQYNNQPAADAFRKQLEKNGIASYLHY,0
LAAAAAAKAARLAEKAMQASIESTGNL,0
TRSEMESILESMYKLV,0
ANEQRKTIYKFRQELLNPEYDIASK,0
AYLSEGGELAALMFMNWVGIKV,0
QESDGKVRSFIVPFSNLAPLMRVGHLRYQLA,0
RIVYVCSSLLAVLLTV,0
INGNTGSLTANPDCVINRKLSWLQYQQG,0
GFMFAPKFHPAMRYAGPVRREIGIRTIFNV,0
LIIAEERVAACMADF,0
GDFAGPNGCPRRRGRQTYT,0
PETSVLVLRKPGINVASDWSIHLRMADVAGTSNR,0
IIERNITEIVYLNNTTIEKEICPEV,0
EVRAGDIAAAVGLKEATTGDTLCDPGKVII,0
PCAKEVMGPLRWTRLSIRRYDEQFSS,0
IDQVFSHIKWIEWI,0
RERKVRGLQLRLLFLVGTASNP,0
GTTPGYSYSAANKNMAVIWGENTLYDYL,0
VTGPLIIAVNKTDRMDEKAELIPHLQW,0
IESYLNIPKEGNSKINF,0
LLVQYILPLVCLTVSHTS,0
RGKLPILAGGT,0
EIEAPQAVLPN,0
PEIFAASDRFGTILENVI,0
SELQLERVNVYYN,0
DGGVHSHINHLCGLIEWAA,0
VVDPGVIPRNLHQMPPVDPSQDPLAIGPPT,0
GPSPTRRSQSEHQRLK,0
EYGFKTYAVLGGATG,0
VVLPYRDRLQVFS,0
LRPVMDNQNIRIRLKAYDHRVLDNSTKEIVNTA,0
LSKFKDKIKISYEKEVKKEEMKYFKFLI,0
CNGEISERVKDARALATC,0
LHMEDSLKHRVVGQDH,0
IPFVLNLDSPDSMYYGHDMFPNRMYRRLHS,0
AKEVKPDDEEVLLKAAMTAIT,0
KFLWDVGHQSYVHKILTGRAKEFGTLRQYQGLCG,0
RSKRTLGLGSLYGENDLLGL,0
VKLYSFNLGGLFFLCCTSLGVYTV,0
SGKGSIQFAGQPLEAWSATKLALHRAYL,0
PEVLEGASPTPASDVYS,0
QRTIAMAKQMFRAL,0
ADDDIPFMSDYDETALVCDN,0
KTSGDPIRRRNFVDKEDD,0
LSADEATARKVGARHGSPVILTVKAQEMAKR,0
YLLSVLQFINVMITLYQSIYDLPFHSIWWLF,0
WKRRFVQDATVAEM,0
LQQQECKLLYSRKEGQRQENKN,0
YISPEVLKSQGGDGYYGRE,0
FCPLLMSFLITQKTSETLTAVLAGGWLGLI,0
PLLEEYYDPMYRYQL,0
LRGDTNVGWLHDNNIHIWDEWADENGDLG,0
KQVFSKTSGEFLRVAHREHTSHGYLARVISS,0
ATIDAVDVAVDELRQVIEQAGYRATAHAESAVE,0
DELDRDGKLPSWLLRADSVAQEITHIDFNRLG,0
DSNGAAANAVRLSLDSITQRWDNLVARIE,0
AREENLGITKDFLTFMKRLFCNPIYMLFIL,0
CSSCFCLCCPRHRPVSRLAAVVGGAAAV,0
SSASALGRRAGPLDGLIGEIDRALRVLSG,0
SYCGHGIHKLFHTAPNVPHYAKNKAVGVM,0
IAINGVVRFVGAPSREELFEAINDEMEMVHAEA,0
MDLGELVGMTPEIIQKL,0
ITLNFLMNLLKTQLKGDRVLAGKEAV,0
SAMRLCLPSFDKLELLECI,0
LGQHPIPAELGRILVDKLGLDESAVPVLAA,0
LNDALSQLVGQQV,0
GGQMPLYRRLPKFGFTSRKAMIT,0
LEVKIPAGINEGQRIALR,0
PISSSSNVTEAIQTNITSVAAVAPSPPP,0
VGYPLLWSPSPEEEA,0
YFTTVGRALSSNLVPLWDSATGKAASFVTSFSF,0
TFTDYVDRFNSV,0
VALQQKQRSALFVAQMAKSLGAQGAIVAEEGYGN,0
SVTILNNHLTLASMMPIVLLVFAA,0
DISEAPIGPRSVVATSPDKLGECQWELE,0
QASPPAAADHSRTPS,0
ALFSFVLPDNVDVDDQRRKT,0
LGAGGIREIEF,0
ADASAGPAMTAEQCAQAIANGREV,0
GKYRIIDFALSNCLNSGIRRI,0
FFNDLVEFMTSGPVVVMVLEGENAVAKNRELM,0
AYGGVPVIITSGY,0
GDRDGNPYVTAQVTKEVLDHGRWMALDLYGRDL,0
VQGKALSYNNIADTDAALECVKEF,0
VFDKYHLLPRHISQLYEMFLEG,0
MMDDGTEPNVATVL,0
TRGSTDDISIVIIQLQQFSRMSREEDEKLLFP,0
KKHTLGEVWVQKTSEMNTD,0
SYGIDKETTIHLTLKVVKPSDEELPLFLVE,0
QLASILYFTLIIVLMPLAGMLEDNM,0
AGFGDDAPRAVF,0
RETGAAAVKIEGGVEIAQTIRRIVDAGIP,0
MTAIYLEKEFGMPYVSITPMGIADI,0
TILVHSAWAKE,0
IGSIDNEKNGVNKAYDLPFYC,0
MHQEYLQGLATNAGHPMSLTHHQWLPNPASDW,0
AYVNKIKRNKISLNHSSTHLLHYAINC,0
VFTFFLQLEGFTLGVKDILVTDVADRK,0
RDGLFCARIFGPTKDYECLCGKYKRMKYKGII,0
IGCSRGRFGLQCKQNCTCPGLEFSD,0
KNRRTGDAVEVHIDNLQETIQSIYASFESMS,0
PDWRFMESKEKDRQVLEDFPTISLEFRNLAEK,0
DFHAVIGQETRAQA,0
EIELIPCSRVGHIFRNDNPYSFPKDRMKTVER,0
EDMAPAGAGALMAMLEKRRAAL,0
GTSNVHLARQLDLKPLGTMAHE,0
PQDELVELLWRDGQVVLQSQ,0
RMETSTVLKDLKPETEYVVNVYSVVEDEYSEP,0
SLVADNCVTLVWRMPDEDSKIDHYVLEYRRTNFE,0
VLGRITDWRQCHDRVLS,0
ANQYFGTAPFYRKRKAFETPSSGKMTHVRFDYSK,0
AEVGTLITALGCGIGREEYNPDKLRYHKIV,0
NSASIAAILTIIGY,0
GYATNLLTYANNIHTYEGGTHE,0
LNGQRKNSRDRNSKRQTELEQPKPRTDSKNENH,0
EKLLGQLRTDLTMNKIIVGLSGGVDSSTAAAILH,0
AYGRAKNKPFESGVDSVGNARLRFSAKFYLVAMF,0
TLFVPQHILMTSAPNTITVLELERAPCSSDGPE,0
AHQIEPICIGSLETPTSTANVVLCMAKPLSISS,0
LHEAVMLEIYRQALSASELTSPR,0
VLDHMSGVDFKRFMHMSE,0
KIITMAAKEGGLDPDMNPKLRTAILNAKAQNMP,0
TGIEDKEAWHGKPLPKNMAE,0
DTNKSKVTVRIGAENPL,0
KSGQYFLPQFNTRKISIENY,0
MVRVAGIKAQVREGITERSPDGL,0
EKVYPGLLAASVEWFRNYKIPAG,0
MMVIRSLSLIRLEGVEGR,0
DGQITPNEAFQNAL,0
PPVGVQAVALTHEAVRVSWADNSVPKNQKTSD,0
DKFENMGAQMVKEVSSQTSD,0
IVDNVQQGNRDYPAIEAQSSQ,0
NVPANEFLNLEGDKISTSRNWAVWLNEYLV,0
QQSLCFRAFKDDKSIFVEA,0
VACKEYGQRIVLGLDARDGKVATDGWA,0
GHSADSSRQSGTRHTESSSRGQAASSHEQARSSA,0
IKNLYLNHNRIESILPQQKSQ,0
VPCYFIYGNRDFLIGSRFCQETGMTLLPEHTVI,0
TESENDTLSESSTTSISSSPSENSDTSDDLTKVD,0
ARETLADDPRCTVLGAELAELPRLLAEQGLA,0
VNEIIEAFRARFDARVELAETVQETENFLVNR,0
DQETIMRAATGGNRMFQH,0
TFDHNLKLIKSAGIKEGLDLNTAL,0
PKGYGRVVLENHQVKKIVEEKDANDEEKE,0
DLGADSLDTVELVMAFEEE,0
KTTLKLSLADENDFHLLNEQNQKIRIKSDT,0
GEEALSSEDLLYLEF,0
KDKLSLITATDEKFTAAVI,0
EDFLQAMEYAMPPTGGLGMGVDRVVMMITGRSIR,0
IQPKLLGKAKRIIDAAGRYIEFCKGTF,0
SPLVEKQSVPAKEEEMQQPESTE,0
LLEGLKLMALEHKVLLTGTPLQNSVEE,0
LSELEQMWLTELPAVTSREM,0
GYHTEPDIYTK,0
TVPQGGMEMWLLYLLVPAMFCRAGG,0
RYRNIEPQAINEVEVIEEA,0
PDKMRWDKCRYYHDRYTTT,0
KEPEALEASPVEVRVAGRVMLKRVMGK,0
DVDGFPTSQATSPEPGKKDEEAKAPFKSTLFH,0
GGDPIPGSNFIDILKLFQEDPQTEAIVMIG,0
ALHLIPSGILTPGVTNVIGNGVVVD,0
LKVDKQANPTTDKDKSSKNDKGSQ,0
TGCRSVCSHVVRNGDITFILTSPLRS,0
WQLWQQVRPNNHSHLHAISVEKFPLSKADLIRA,0
PVIKDSGFKITAMPEIKIEEIVAEDDEGLAASDK,0
PKDAAPGTIRGDFGLEVSDAIC,0
GTAKKGDVLGVARVAGI,0
THIPNAWQEPQVVYKMKLRNVSKNN,0
YFHGWPNQELKLSIKLYYMCQCGFYVYGVAALL,0
ALQRDYEAGAGDKEKKPVCT,0
ILPTMGGQTALNCVLDLDNH,0
RIEPDCQFSKLCGGC,0
NTDDRDVIRYLKYFTFLSKEEIEA,0
FYNRNPPARKEAYGDISERKLLRERLRCKSFDW,0
LLYGVFRFIVEFVRV,0
RVLAYLLDKNLPKEQQE,0
HNFAPLKNDRLLKALRFEPIDTTPVWMMRQAG,0
FKQVGLSHGAQLFLGFEDQ,0
SESRRTQALILKQAK,0
LIELSGALESVVKQ,0
EALHLLSSMVQYMACVTPESFVWNDLS,0
DATTITECLHTFCKSCIVK,0
RAGIPEAFVSLG,0
EKVEQQKLRREYIDIIKGNV,0
KSPYSIDVNLLGRSI,0
TIGDAIEAIENGVPIDMVQIDLTRTW,0
ELKRLKIEAVKPDLILALEKKEEL,0
GGYAIADVIGGE,0
YLHATLFLIGEYLHLAFYY,0
TGRRISATAEDGNKF,0
GASEHTHGRLCEAVGLSGGVLSQTLARIM,0
VTTSSDPVIQELAEKDE,0
HCHSMFQIALSSRVAEWDSTEKIGDLFVASFSKS,0
TDTLKHFLKLEYEKGEKNMEIILLTDISNKGK,0
VELFRHHYNIPLVHVDASKQFLGELAGVTDPEMK,0
HEKGQPVLVGTVAVETSEYLS,0
NSPLFGTDGIRGKAGELL,0
EFTHNHTVGDLTWD,0
RAEELAKLFAHTGSIQALGMDELEGHE,0
ELRKKTGVGIMDAKKALVASDGNVEEAIDALRE,0
FSKYCNSSDIMDLFCIATGLPRNTT,0
SSSAKLASTSRNGPESSILDPHHSVMELL,0
EIGAGFDSVTQRGSEHGDELTPQGFLSNHS,0
VRAKAAAKGRTVRFGIRLHVIVRETTE,0
IMEDIIRIIQDGSLDGEKYFQSLKERQGKENAEI,0
LENFFCILEVKPQFPE,0
RDRTGTGGGAPCKSESDGNPTTEDESSRSP,0
IAQEQKRMMEDFNNEVNMPNN,0
TEKASRIGAAEKASRGDQES,0
TVDMATLGVAAGWDDVAQTLAASLIANID,0
QFMDQNNPLSEI,0
VGKLRGAKGECHLAVADLEAFSQGL,0
VEKRGTKNWRPEYMHSATNMSVDAYT,0
EGEIKIDVERAVEWILKGAQPSDTVRDI,0
IRGQQQLRRPLVGDAGEGAG,0
VFMGMGEPLLNLKEVI,0
FSKEQVEDFVQRYQDIEKE,0
AVINSKTGLWKVTRNLDDDD,0
QKLKKMNLKNTIKKDIQDALIKIAIINCDP,0
NAHFDLNFLNAAVTRTAYKRNPFHQFSVFDTVT,0
QTPINDENNNNKSSMVLPDLNEPTDNN,0
EEDAAFILKWYSYEK,0
GYINASAEGVSIRTGLELSRDPAGRMK,0
ESIFGVKVDKVNIMNYKGKSKRVGRYTGMTSR,0
AQNESPTLQSNEW,0
DDLRINLWNFEITNQSFNIADIKPANMEELTE,0
DESHVTLPQVRGMYGG,0
PGAGGFQISNPSAIDLACLCAALSVF,0
TLPLIEQMMACRETMTSSE,0
KTADLINLQHYVIKEKRLSERE,0
YFKRYQVKFKRRREGKTDY,0
VVTTAKTDDEGRALLKALGFP,0
VDATGDIDIDFHHTVEDIGIVLGQALKEALG,0
FEVLTKVLQEEPPLLPGHM,0
SIGNPHCVMLVEDVNTVDVSSIALRIQ,0
LLIVYPWTQRFFTSFGNLSNAAAIQSNAQVKAHG,0
SGDFLRNAKLSIMHTPSARPSKTDPLG,0
AVKYDDGRDPRGLLQADIVLVGVSRTS,0
PARVRPGEIVSTAGEVLGRHDGVH,0
HGVSIFCGIGERCREGEELYRDM,0
GRLAMVGFMALLLELITGYGPLHFAGLLMII,0
MLAKEGRLPDAVIACVGGGSNAIGMFADFIDEKN,0
MTILQFGNGIRRLMNRRDFQG,0
SGIEEELQKRLEF,0
VNMSSFFLMLVYYVTY,0
LQDISRAGKNVFRNV,0
YDEALGRLESPRHRGSSPRRVLDVEVYSSRSKV,0
REVRNFLISNALFWMRYFHIDG,0
EGLLSEMLPQHAAKMNLML,0
LVTGGKESLYWRVVAADFVTTDSGSGLVHL,0
NKKLFSFTKKYDNKTLFAALNFSS,0
QYRVFRCELPDPNKFALIDTTLYNSDTER,0
ELEDKKHKIGSIPPKRELEHWCTHGKY,0
QHFGGSLKGTLTLTAGLGGM,0
ANRRKWEELHQKRLQVSAASPVPSSPSP,0
HTCRRIMDMVSNQHPWFGMEQEYTLLGTDGHPF,0
ANSGKQDLRSTVAMQYDQTTTFAAKLK,0
EVKLSSEFWYFVGSEKALDAATVEKLQAL,0
SNFLRGKLKLYTGEACRRGDRMQFASFI,0
AYFKFQENRPPFPPEDWVMFLGL,0
SIGDSHIGILEQLKAW,0
QYVNRDKEHCNKN,0
DMGNRMMHCFTDNASRDGFHINWTSVLHPARCE,0
QNDWQSVPLHQNYKKTPTQVY,0
QLCGTGRITYHPFCAGDWC,0
VQQLQWYQNNLVENF,0
RNVLFMEHNEKSCTG,0
DQEFRRENS,0
CACMKGMSYG,0
KNIEATSIDSLMCRWRSKVGVGCLYRFYIRT,0
AEYQMHAWSPMCYSPTEWKYYIWDMMS,0
PRKNDFAMSSCPAKVAGPTF,0
IMGIKYWAFMFPQANSAPCTYQ,0
CPTFQYFPHDIVLQSTNYVSADEASLRI,0
DRTHPIT,0
DFFGKMIFHHSDAIFPLRNQDEERMD,0
VCMCWQQGHRIEYNRGKRNLFKSLHYYYVTW,0
KFVYKEFMQNPDPKEARHCNPHDD,0
DICGTWDTLDL,0
SEKFCCVY,0
YFQDNMA,0
SQIWVIRLTWAVQMTDFMHDMQQ,0
YGAGLN,0
CWGGCRDWFCNT,0
PNWVDLT,0
TCCCNPEIHCLSHHH,0
TPFFLFQQDTYMSHY,0
QFHVHTDGYHNHNLVNMTRIT,0
LASTFWLIMNLVGSWISL,0
TMVEPFKLCFD,0
WKATVPWCEFSDEMMSHSARP,0
MPYQPKYFLQYICN,0
PMGPCSFARYCQDMGWRYDNPGRFNGKAKLF,0
GGLTVYNQATR,0
FNKIRGMPSWRDWFWKSPAVFNFISQQIAN,0
HFADGKVVYTKLMTWKTQDL,0
RFGFFPMDQPGTGWT,0
HGLNIHYVFLWHI,0
VPTCDFQHSCFTTNRYEASDHKAIEHP,0
MRYDQHYPLLPLDHRYWEIINFLMYMTTEQCTSW,0
AVMITN,0
YGLFSHCFQCSIMPTGL,0
PLDLPCRYKNQSLHKWLMKRLYMVRW,0
SMTLRQCHNPSHLTAFGWHWNMFL,0
ITQVGRHWHNWFVGVPTAAVKIYGTDA,0
TNRSK,0
VCWAHCIIALWMYNFCFP,0
NVEAIKMWWFFLARTDK,0
NGERPEVLPDTSPWWWLWVIMSQPRHVWSF,0
QRNFKA,0
REERFDCEYRPDHLQVSEITVDWRMK,0
TLISLFWWMESWEQTVNPPMSRIFREPKMPFEE,0
TGRWGEDCEDQNSARLMVP,0
VVRNDQGYVDDQSPCEKMKVTKKTLTLQG,0
RVREQQAMCHLVWKSFDEDLD,0
KHVNVTHDKMRHCQPD,0
WCFYLIHVMWWRMGDGQWFCISWDDSYKR,0
HPTIIVAFAGIWSYQCWCPEE,0
DIIIKMRHWPVAKLFVPPERDNAYWFCHYYCR,0
MNARIALAPMFRRRRYN,0
EGFRKGHELCHYCKM,0
PTVEHISGNQIAICSWWRRVCITLKHHPYIEHGN,0
YFWDDFRYDIFMERVVMHF,0
VNYEEKWVHAKCHHIHVHNYDASEWKSETYCSHP,0
CCNHMCTGINVPYSKSTVNEEHQNYL,0
CYFQNCQRG,0
CTFQNCPRG,0
RPPGFSPFQ,0
RPTGFSPFR,0
CYFQNCPRF,0
ATAPTTRNLLTTPKF,0
TIELSNIKENKCNGTDAKVKLIKQELDKYKNAVTE,0
DNVKFLKVKKDPQNPKKQEVMEATVTCLLEGGF,0
KIPLELWTRYNMTINQTIWN,0
DVMAVSTCVPVAADN,0
QRRNQLHDLRFADID,0
LLILTCLVASAVAMPKFPFRHTELFQTQRGGSSSSSS,0
CVPADINKEEEFVEEFNRLKTFANFPSG,0
YGYREGSHTEHTTYA,0
PNDGHDHPEKKDPDTTPKQVAGV,0
ILKEQRQKGSASTLSSNGILDLKPVSEDNFYKWTAKL,0
ESGEGLGRKKS,0
ALLASALCTFVLPLLLFLAAIKLWDLYCVSG,0
KPPCRGCSSYLME,0
NAQMSEDSHSSSVRSQN,0
GLIQTIKEKLKELAGGLVTGIQS,0
RRSPSPTPTPGPSRRGPSLGASSHQHSRRRQGWLKEIR,0
CYSRPLVSFRYEDQG,0
LDIVKKVVGAFGSL,0
RVDLGDCIGKDARDA,0
DPKLKWIQEYLEK,0
LRDIKAENTDANFYV,0
INAKGVCRSTAKYVR,0
NLTETHNFSSTNLD,0
NDTFSVSDNVAVIVPETDTQVTY,0
IDRLITGRLQSLQTYVTQQLIRAAEIRASANLAATK,0
HNNYKKNDELEFVRTGYGKDMVK,0
CKWEEAKVKFHCQRTQSQPGSW,0
FQSFHIVILGLDCAGKTTV,0
QYVLSRYPSYGINYYQHRPVALTNSQF,0
HLSSSRSPSASDLPQEELVDQKCLLQKYTHRSCNKVF,0
LLATVSGYFVSIDAHAEECFFERVTSGTKMG,0
AVLVLVFILSSLVFLSLWRQSSERRKLPPGPTPLPII,0
LPGGGASLGAAREHVQAVTRNYITHPRITYRT,0
PQMELRRNGRQCGMSEKEEE,0
WEVGNYKRTVKRIDDGHRLC,0
LQARILAVERYLKDQQQ,0
SKVARSLAKYHPRVNHHRHC,0
VEGQLGENNELRLTRDAIE,0
SCWALLGTTFGCGVPAIHPVLSGLSRIVNGE,0
ERVFAAEALLKRRIRKGRMEYLVKWK,0
MDRIFARRYNATHIK,0
VLGHLAGRPESSSALQAAPCSATFPQASAS,0
TLVDCIRNCIHKILGYTVIA,0
FRLQAFPPALCRPLSCAQEVLRR,0
VFLQVCIEASGWGAEVRDSCGCGDSSSHQTDDPATA,0
DESLESTRRILGLAIESQDAGIKTIT,0
MYYKFSSFTQKLAGAWASEAYTPQGLKPV,0
LFGLIPSLIGGLVSAFK,0
QQLSSLSTQQTTLLLLF,0
EPCTVGHRRYFTFGG,0
QTQTCEAEKCEMV,0
IVQQCTSGICSLYQENYCN,0
GIACGESCVFLGCFIPGCSCKSKVCYFN,0
WLSKTAKKLENSAKKRISEGIAIAIKGGSR,0
GVLSNVIGYLKKLGTGALNAVLKQ,0
KPSPDRFYGLM,0
SCIALTLVLVANSAPTTSSSTKETQQQLE,0
GLISGLLGVGKMLVCGLSGLC,0
FFPMLAGVAARVVPKVICLITKKC,0
YVSQRLCGSQLVDTLYSVCRHRGFYRPND,0
SPVDYDRPIMAFG,0
KGAAKGLLEVASCKLSKSC,0
GLFDIIKNIVSTL,0
DCLPGWSVYEGRCYKVFNQKTWKAAEKFC,0
MMRDSGCFGRRLDRIGSLSGLGCNVLRRY,0
SDPSVPVEPEDDDMVDQ,0
SEAAALPRASAAAMSCVAEPECREG,0
SWPVCTRNGLPVCGETCVGGTCNTPGCTC,0
QGLPPGPPIPR,0
CKGKGQSCSKLMYDCCTGSCSRRGKC,0
QRFSQPTFKLPQGRLTLSRKF,0
GSSFLSPEFKKIQQQNDPTKTTAKIH,0
